Dataset,Date,Time,2K4K_ShrCount,2K4K_ShrAverage
1,4/3/1997,4:55,14,14.714
2,4/3/1997,5:56,14,19.214
3,4/3/1997,6:56,14,9.357
4,4/3/1997,7:56,14,23.786
5,4/3/1997,8:57,14,18.286
6,4/3/1997,9:57,14,18.071
7,4/3/1997,10:58,14,14
8,4/3/1997,11:58,14,8.357
9,4/3/1997,12:59,14,16.5
10,4/3/1997,13:54,14,8.857
11,4/3/1997,15:25,14,11
12,4/3/1997,15:55,14,13.357
13,4/3/1997,16:55,14,10.143
14,4/3/1997,17:56,14,21.429
15,4/3/1997,18:56,14,13.857
16,4/3/1997,20:02,14,7.214
17,4/3/1997,20:57,14,6.857
18,4/3/1997,21:58,14,5.286
19,4/3/1997,22:58,14,7.857
20,4/3/1997,23:58,14,5.714
21,4/4/1997,0:54,14,5.643
22,4/4/1997,1:54,14,5.786
23,4/4/1997,2:55,14,4.5
24,4/4/1997,3:55,14,5.143
1,4/4/1997,4:56,14,6.143
2,4/4/1997,5:56,14,7.857
3,4/4/1997,7:01,14,6.714
4,4/4/1997,8:02,14,5.643
5,4/4/1997,8:57,14,5.143
6,4/4/1997,9:58,14,6.357
7,4/4/1997,10:58,14,7.286
8,4/4/1997,11:59,14,6.286
9,4/4/1997,12:59,14,8.929
10,4/4/1997,13:54,14,4.786
11,4/4/1997,14:55,14,12.643
12,4/4/1997,15:50,14,25.143
13,4/4/1997,16:51,14,8.5
14,4/4/1997,17:51,14,10.071
15,4/4/1997,18:56,14,10.571
16,4/4/1997,20:57,14,11.5
17,4/4/1997,21:58,14,14.5
18,4/4/1997,22:58,14,7.643
19,4/4/1997,23:59,14,8.571
20,4/5/1997,0:59,14,11.5
21,4/5/1997,1:59,14,7.643
22,4/5/1997,3:00,14,6.357
23,4/5/1997,3:55,14,8.357
1,9/27/1997,0:03,14,5.929
2,9/27/1997,0:59,14,3.643
3,9/27/1997,1:59,14,4.214
4,9/27/1997,3:00,14,4.143
5,10/13/1997,3:51,14,6.857
6,10/13/1997,5:01,14,6
7,10/13/1997,6:07,14,5.429
8,10/13/1997,6:57,14,7.071
9,10/13/1997,7:57,14,6.643
10,10/13/1997,8:58,14,8.643
11,10/13/1997,9:58,14,7.429
12,10/13/1997,11:14,14,14.857
13,10/13/1997,12:09,14,5.5
14,10/13/1997,13:10,14,7.571
15,10/13/1997,14:10,14,8.643
16,10/13/1997,15:10,14,5.214
17,10/13/1997,16:11,14,5.786
18,10/13/1997,17:06,14,5.5
19,10/13/1997,18:12,14,5.786
20,10/13/1997,19:12,14,4.857
21,10/13/1997,20:13,14,5.143
22,10/13/1997,21:13,14,8.571
23,10/13/1997,22:13,14,6.571
1,10/13/1997,23:14,14,5
2,10/14/1997,0:09,14,9.643
3,10/14/1997,1:10,14,6.714
4,10/14/1997,2:10,14,6.357
5,10/14/1997,3:10,14,6
6,12/23/1997,12:24,14,6.214
7,12/23/1997,12:24,14,6.214
8,12/23/1997,12:24,14,6.214
9,12/23/1997,12:24,14,6.214
10,12/23/1997,12:24,14,6.214
11,12/23/1997,12:24,14,6.214
12,12/23/1997,12:24,14,6.214
13,12/23/1997,12:24,14,6.214
14,12/23/1997,12:24,14,6.214
15,12/23/1997,12:24,14,6.214
16,12/23/1997,12:24,14,6.214
17,12/23/1997,12:24,14,6.214
18,12/23/1997,12:24,14,6.214
19,12/23/1997,12:24,14,6.214
20,12/23/1997,12:24,14,6.214
21,12/23/1997,12:24,14,6.214
22,9/9/1998,2:56,14,3.143
23,9/9/1998,2:51,14,3.214
24,9/9/1998,2:46,14,4.429
1,9/9/1998,2:41,14,4.429
1,9/9/1998,2:36,14,3.857
1,9/9/1998,2:31,14,3.571
1,9/9/1998,2:26,14,4.071
1,9/9/1998,2:21,14,3.429
1,9/9/1998,2:00,14,4.929
1,9/9/1998,1:55,14,6.214
1,9/9/1998,1:50,14,6.429
1,9/9/1998,1:45,14,5.071
1,9/9/1998,3:56,14,4.143
1,9/9/1998,3:51,14,4.143
1,9/9/1998,3:46,14,3.929
1,9/9/1998,3:41,14,3.786
1,9/9/1998,3:36,14,3.786
1,9/9/1998,3:31,14,4.286
1,9/9/1998,3:26,14,4.143
1,9/9/1998,3:21,14,3.786
2,9/9/1998,3:16,14,4.143
3,9/9/1998,3:11,14,4.143
4,9/9/1998,3:06,14,3.857
5,9/9/1998,3:01,14,3.786
6,9/9/1998,4:42,14,3.5
7,9/9/1998,4:37,14,3.714
8,9/9/1998,4:31,14,3.429
9,9/9/1998,4:26,14,3.786
10,9/9/1998,4:21,14,4.429
11,9/9/1998,4:16,14,3.786
12,9/9/1998,4:11,14,4.5
1,9/9/1998,4:06,14,4.643
2,9/9/1998,4:01,14,4.357
3,9/9/1998,3:56,14,4.143
4,9/9/1998,3:51,14,4.143
5,9/9/1998,3:46,14,3.929
6,9/9/1998,5:54,14,5.214
7,9/9/1998,5:49,14,6.571
8,9/9/1998,5:44,14,6.429
9,9/9/1998,5:39,14,6.571
10,9/9/1998,5:34,14,4.786
11,9/9/1998,5:29,14,4.286
12,9/9/1998,5:24,14,4.429
1,9/9/1998,5:19,14,4.929
2,9/9/1998,5:14,14,4.429
3,9/9/1998,5:09,14,4.786
4,9/9/1998,5:04,14,4.571
5,9/9/1998,4:42,14,3.5
6,9/9/1998,6:54,14,5.929
7,9/9/1998,6:49,14,4.643
8,9/9/1998,6:44,14,4.286
9,9/9/1998,6:39,14,3.786
10,9/9/1998,6:34,14,4.071
11,9/9/1998,6:29,14,4.429
12,9/9/1998,6:24,14,4.929
1,9/9/1998,6:19,14,4.786
2,9/9/1998,6:09,14,3.786
3,9/9/1998,6:04,14,4.071
4,9/9/1998,5:59,14,4.571
5,9/9/1998,5:54,14,5.214
6,9/9/1998,7:50,14,6.357
7,9/9/1998,7:45,14,6.071
8,9/9/1998,7:40,14,5.429
9,9/9/1998,7:35,14,6.429
10,9/9/1998,7:30,14,5.786
11,9/9/1998,7:25,14,6.143
12,9/9/1998,7:20,14,5.929
1,9/9/1998,7:15,14,6.214
2,9/9/1998,7:09,14,5.857
3,9/9/1998,7:04,14,6.429
4,9/9/1998,6:59,14,6.143
5,9/9/1998,6:54,14,5.929
6,9/9/1998,8:50,14,5.714
7,9/9/1998,8:45,14,6.286
8,9/9/1998,8:40,14,6.714
9,9/9/1998,8:35,14,7.786
10,9/9/1998,8:30,14,7.429
11,9/9/1998,8:25,14,6.857
12,9/9/1998,8:20,14,6.857
1,9/9/1998,8:15,14,6.429
2,9/9/1998,8:10,14,6.357
3,9/9/1998,8:05,14,5.857
4,9/9/1998,8:00,14,5.357
5,9/9/1998,7:55,14,6.357
6,9/9/1998,9:51,14,5.929
7,9/9/1998,9:46,14,5.5
8,9/9/1998,9:41,14,5
9,9/9/1998,9:36,14,5.214
10,9/9/1998,9:30,14,5
11,9/9/1998,9:25,14,5.643
12,9/9/1998,9:20,14,6.071
1,9/9/1998,9:15,14,4.929
2,9/9/1998,9:10,14,5
3,9/9/1998,9:05,14,5.143
4,9/9/1998,9:00,14,6
5,9/9/1998,8:55,14,5.857
6,9/9/1998,10:51,14,6.643
7,9/9/1998,10:46,14,6.786
8,9/9/1998,10:41,14,7.571
9,9/9/1998,10:36,14,6.214
10,9/9/1998,10:31,14,6.429
11,9/9/1998,10:26,14,6.786
12,9/9/1998,10:21,14,6.571
1,9/9/1998,10:16,14,6.571
2,9/9/1998,10:11,14,6.429
3,9/9/1998,10:06,14,6.571
4,9/9/1998,10:01,14,5.714
5,9/9/1998,9:56,14,6
6,9/9/1998,11:51,14,5.786
7,9/9/1998,11:46,14,6.643
8,9/9/1998,11:41,14,6.429
9,9/9/1998,11:36,14,7
10,9/9/1998,11:31,14,6.714
11,9/9/1998,11:26,14,6.286
12,9/9/1998,11:21,14,5.643
1,9/9/1998,11:16,14,6.286
2,9/9/1998,11:11,14,6.857
3,9/9/1998,11:06,14,8
4,9/9/1998,11:01,14,7.429
5,9/9/1998,10:56,14,6.643
6,9/9/1998,12:52,14,8.571
7,9/9/1998,12:47,14,7.643
8,9/9/1998,12:42,14,7.429
9,9/9/1998,12:37,14,7.286
10,9/9/1998,12:32,14,7.571
11,9/9/1998,12:27,14,8.429
12,9/9/1998,12:22,14,8.571
1,9/9/1998,12:17,14,7.143
2,9/9/1998,12:12,14,6.143
3,9/9/1998,12:07,14,6.857
4,9/9/1998,12:02,14,6.429
5,9/9/1998,11:56,14,5.714
6,9/9/1998,13:52,14,7.643
7,9/9/1998,13:47,14,7.429
8,9/9/1998,13:42,14,8
9,9/9/1998,13:37,14,8
10,9/9/1998,13:32,14,7.929
11,9/9/1998,13:27,14,7.643
12,9/9/1998,13:22,14,7
1,9/9/1998,13:17,14,6.714
2,9/9/1998,13:12,14,6.857
3,9/9/1998,13:07,14,8.214
4,9/9/1998,13:02,14,8.143
5,9/9/1998,12:57,14,9.357
6,9/9/1998,14:53,14,7.929
7,9/9/1998,14:48,14,8.429
8,9/9/1998,14:43,14,9.643
9,9/9/1998,14:38,14,9.643
10,9/9/1998,14:33,14,9.714
11,9/9/1998,14:28,14,9.643
12,9/9/1998,14:23,14,7.786
1,9/9/1998,14:17,14,7.786
2,9/9/1998,14:12,14,9.071
3,9/9/1998,14:07,14,10.786
4,9/9/1998,14:02,14,11.429
5,9/9/1998,13:57,14,7.214
6,9/9/1998,15:53,14,8.357
7,9/9/1998,15:48,14,7.714
8,9/9/1998,15:43,14,9.929
9,9/9/1998,15:38,14,7.857
10,9/9/1998,15:33,14,8.429
11,9/9/1998,15:28,14,7.286
12,9/9/1998,15:23,14,7.429
1,9/9/1998,15:18,14,7.357
2,9/9/1998,15:13,14,8.643
3,9/9/1998,15:08,14,9.071
4,9/9/1998,15:03,14,8.143
5,9/9/1998,14:58,14,7.357
6,9/9/1998,16:54,14,7.286
7,9/9/1998,16:49,14,7.643
8,9/9/1998,16:43,14,6.857
9,9/9/1998,16:38,14,8
10,9/9/1998,16:33,14,6.571
11,9/9/1998,16:28,14,6.857
12,9/9/1998,16:23,14,9.357
1,9/9/1998,16:18,14,7.857
2,9/9/1998,16:13,14,7.643
3,9/9/1998,16:08,14,7.214
4,9/9/1998,16:03,14,8.286
5,9/9/1998,15:58,14,8.071
6,9/9/1998,17:54,14,6.286
7,9/9/1998,17:49,14,5.714
8,9/9/1998,17:44,14,6.357
9,9/9/1998,17:39,14,6.643
10,9/9/1998,17:34,14,5.071
11,9/9/1998,17:29,14,6.429
12,9/9/1998,17:24,14,5.429
1,9/9/1998,17:19,14,7
2,9/9/1998,17:14,14,5.714
3,9/9/1998,17:09,14,5.643
4,9/9/1998,17:04,14,6.429
5,9/9/1998,16:59,14,6.929
6,9/9/1998,18:54,14,7.857
7,9/9/1998,18:49,14,8.5
8,9/9/1998,18:44,14,7
9,9/9/1998,18:39,14,7.143
10,9/9/1998,18:34,14,9.857
11,9/9/1998,18:29,14,7.786
12,9/9/1998,18:24,14,7.929
1,9/9/1998,18:19,14,6.786
2,9/9/1998,18:14,14,7.143
3,9/9/1998,18:09,14,5.929
4,9/9/1998,18:04,14,7.643
5,9/9/1998,17:59,14,6.071
6,9/9/1998,19:50,14,5.643
7,9/9/1998,19:45,14,5.643
8,9/9/1998,19:40,14,6.143
9,9/9/1998,19:35,14,7.357
10,9/9/1998,19:30,14,6.786
11,9/9/1998,19:25,14,6.714
12,9/9/1998,19:20,14,6
1,9/9/1998,19:15,14,5.714
2,9/9/1998,19:10,14,8
3,9/9/1998,19:04,14,8
4,9/9/1998,18:59,14,6.929
5,9/9/1998,18:54,14,7.857
6,9/9/1998,20:35,14,5.143
7,9/9/1998,20:30,14,5.643
8,9/9/1998,20:25,14,6
9,9/9/1998,20:20,14,5.786
10,9/9/1998,20:15,14,6.071
11,9/9/1998,20:10,14,6.214
12,9/9/1998,20:05,14,6.5
1,9/9/1998,20:00,14,6.786
2,9/9/1998,19:55,14,6.929
3,9/9/1998,19:50,14,5.643
4,9/9/1998,19:45,14,5.643
5,9/9/1998,19:40,14,6.143
6,9/9/1998,21:56,14,4.857
7,9/9/1998,21:51,14,4.5
8,9/9/1998,21:46,14,5
9,9/9/1998,21:41,14,5.071
10,9/9/1998,21:36,14,5.214
11,9/9/1998,21:30,14,4.357
12,9/9/1998,21:25,14,4.071
1,9/9/1998,21:20,14,4.214
2,9/9/1998,21:15,14,5.143
3,9/9/1998,21:10,14,4.429
4,9/9/1998,20:40,14,5.143
5,9/9/1998,20:35,14,5.143
6,9/9/1998,22:56,14,4.786
7,9/9/1998,22:51,14,4.786
8,9/9/1998,22:46,14,5.714
9,9/9/1998,22:41,14,7.5
10,9/9/1998,22:36,14,6.571
11,9/9/1998,22:31,14,5.929
12,9/9/1998,22:26,14,5.286
1,9/9/1998,22:21,14,5.286
2,9/9/1998,22:16,14,5.857
3,9/9/1998,22:11,14,5.643
4,9/9/1998,22:06,14,6.071
5,9/9/1998,22:01,14,5.714
6,9/9/1998,23:56,14,6
7,9/9/1998,23:51,14,5.214
8,9/9/1998,23:46,14,5.357
9,9/9/1998,23:41,14,5.5
10,9/9/1998,23:36,14,4.857
11,9/9/1998,23:31,14,5.5
12,9/9/1998,23:26,14,4.714
1,9/9/1998,23:21,14,6.286
2,9/9/1998,23:16,14,5.214
3,9/9/1998,23:11,14,4.857
4,9/9/1998,23:06,14,4.786
5,9/9/1998,23:01,14,4.714
6,9/10/1998,0:57,14,9.214
7,9/10/1998,0:52,14,5.357
8,9/10/1998,0:47,14,4.857
9,9/10/1998,0:42,14,5.429
10,9/10/1998,0:37,14,6.071
11,9/10/1998,0:32,14,5.5
12,9/10/1998,0:27,14,5.357
1,9/10/1998,0:22,14,4.857
2,9/10/1998,0:17,14,5.286
3,9/10/1998,0:12,14,6.214
4,9/10/1998,0:07,14,7.143
5,9/10/1998,0:02,14,6.571
6,9/10/1998,1:57,14,4.643
7,9/10/1998,1:52,14,4.5
8,9/10/1998,1:47,14,5.714
9,9/10/1998,1:42,14,5.714
10,9/10/1998,1:37,14,6.857
11,9/10/1998,1:32,14,6.286
12,9/10/1998,1:27,14,5.714
1,9/10/1998,1:22,14,5.357
2,9/10/1998,1:17,14,5.714
3,9/10/1998,1:12,14,5.571
4,9/10/1998,1:07,14,6.429
5,9/10/1998,1:02,14,8.429
6,9/10/1998,2:58,14,5.929
7,9/10/1998,2:53,14,6.071
8,9/10/1998,2:48,14,6.714
9,9/10/1998,2:43,14,5.714
10,9/10/1998,2:38,14,5.429
11,9/10/1998,2:33,14,5.214
12,9/10/1998,2:28,14,4.857
1,9/10/1998,2:22,14,5.786
2,9/10/1998,2:17,14,5.571
3,9/10/1998,2:12,14,6.143
4,9/10/1998,2:07,14,5.929
5,9/10/1998,2:02,14,4.714
6,9/10/1998,3:53,14,5.071
7,9/10/1998,3:48,14,5
8,9/10/1998,3:43,14,7.429
9,9/10/1998,3:38,14,7.143
10,9/10/1998,3:33,14,7.5
11,9/10/1998,3:28,14,6.214
12,9/10/1998,3:23,14,5.857
1,9/10/1998,3:18,14,6.214
2,9/10/1998,3:13,14,7.357
3,9/10/1998,3:08,14,7.286
4,9/10/1998,3:03,14,6.357
5,9/10/1998,2:58,14,5.929
6,9/10/1998,4:59,14,6.5
7,9/10/1998,4:54,14,6.786
8,9/10/1998,4:49,14,6.714
9,9/10/1998,4:43,14,6.786
10,9/10/1998,4:38,14,5.643
11,9/10/1998,4:33,14,7.143
12,9/10/1998,4:28,14,7
1,9/10/1998,4:23,14,6.786
2,9/10/1998,4:18,14,6.214
3,9/10/1998,4:13,14,6.357
4,9/10/1998,4:08,14,6.571
5,9/10/1998,4:03,14,5.786
6,9/10/1998,5:54,14,6.071
7,9/10/1998,5:49,14,5.786
8,9/10/1998,5:44,14,6.071
9,9/10/1998,5:39,14,5.857
10,9/10/1998,5:34,14,7.714
11,9/10/1998,5:29,14,6.357
12,9/10/1998,5:24,14,5.857
1,9/10/1998,5:19,14,5.857
2,9/10/1998,5:14,14,6.357
3,9/10/1998,5:09,14,5.357
4,9/10/1998,5:04,14,6.286
5,9/10/1998,4:59,14,6.5
6,9/10/1998,6:54,14,6.214
7,9/10/1998,6:49,14,6.786
8,9/10/1998,6:44,14,6.786
9,9/10/1998,6:39,14,6.786
10,9/10/1998,6:34,14,5.643
11,9/10/1998,6:29,14,5.429
12,9/10/1998,6:24,14,5.5
1,9/10/1998,6:19,14,5.857
2,9/10/1998,6:14,14,5.429
3,9/10/1998,6:09,14,6.786
4,9/10/1998,6:04,14,6.286
5,9/10/1998,5:59,14,6.214
6,9/10/1998,7:55,14,7.071
7,9/10/1998,7:50,14,6.786
8,9/10/1998,7:45,14,5.357
9,9/10/1998,7:40,14,5.714
10,9/10/1998,7:35,14,5.5
11,9/10/1998,7:30,14,5.571
12,9/10/1998,7:25,14,4.786
1,9/10/1998,7:20,14,4.643
2,9/10/1998,7:15,14,4.929
3,9/10/1998,7:09,14,4.929
4,9/10/1998,7:04,14,5.143
5,9/10/1998,6:59,14,5.286
6,9/10/1998,8:55,14,5.357
7,9/10/1998,8:50,14,5.286
8,9/10/1998,8:45,14,4.071
9,9/10/1998,8:40,14,4.286
10,9/10/1998,8:35,14,4.357
11,9/10/1998,8:30,14,4.714
12,9/10/1998,8:25,14,5.929
1,9/10/1998,8:20,14,5.429
2,9/10/1998,8:15,14,6.286
3,9/10/1998,8:10,14,6.857
4,9/10/1998,8:05,14,6.571
5,9/10/1998,8:00,14,5.143
6,9/10/1998,9:56,14,4
7,9/10/1998,9:51,14,4.643
8,9/10/1998,9:46,14,5.786
9,9/10/1998,9:41,14,5.5
10,9/10/1998,9:35,14,5.357
11,9/10/1998,9:30,14,5.286
12,9/10/1998,9:25,14,4.571
1,9/10/1998,9:20,14,6.214
2,9/10/1998,9:15,14,6.357
3,9/10/1998,9:10,14,5.5
4,9/10/1998,9:05,14,5.857
5,9/10/1998,9:00,14,4.929
6,9/10/1998,10:56,14,7.214
7,9/10/1998,10:51,14,7.071
8,9/10/1998,10:46,14,6.643
9,9/10/1998,10:41,14,4.929
10,9/10/1998,10:36,14,5.857
11,9/10/1998,10:31,14,6.5
12,9/10/1998,10:26,14,7.214
1,9/10/1998,10:21,14,6.857
2,9/10/1998,10:16,14,7.929
3,9/10/1998,10:11,14,8
4,9/10/1998,10:06,14,6.357
5,9/10/1998,10:01,14,4.357
6,9/10/1998,11:51,14,3.643
7,9/10/1998,11:46,14,3.643
8,9/10/1998,11:41,14,3.5
9,9/10/1998,11:36,14,4.286
10,9/10/1998,11:31,14,4.643
11,9/10/1998,11:26,14,5
12,9/10/1998,11:21,14,5.143
1,9/10/1998,11:16,14,4.786
2,9/10/1998,11:11,14,5.571
3,9/10/1998,11:06,14,6.5
4,9/10/1998,11:01,14,6.286
5,9/10/1998,10:56,14,7.214
6,9/10/1998,12:52,14,3.143
7,9/10/1998,12:47,14,3.571
8,9/10/1998,12:42,14,3.929
9,9/10/1998,12:37,14,4
10,9/10/1998,12:32,14,3.857
11,9/10/1998,12:27,14,4.071
12,9/10/1998,12:22,14,3.714
1,9/10/1998,12:17,14,4
2,9/10/1998,12:12,14,2.929
3,9/10/1998,12:07,14,3.214
4,9/10/1998,12:01,14,2.929
5,9/10/1998,11:56,14,3.143
6,9/10/1998,13:52,14,6.143
7,9/10/1998,13:47,14,6.5
8,9/10/1998,13:42,14,5.714
9,9/10/1998,13:37,14,7.214
10,9/10/1998,13:32,14,6.214
11,9/10/1998,13:27,14,4.643
12,9/10/1998,13:22,14,4.929
1,9/10/1998,13:17,14,5.286
2,9/10/1998,13:12,14,6.5
3,9/10/1998,13:07,14,5.786
4,9/10/1998,13:02,14,5.214
5,9/10/1998,12:57,14,4.643
6,9/10/1998,14:53,14,6.357
7,9/10/1998,14:48,14,5.429
8,9/10/1998,14:43,14,6.071
9,9/10/1998,14:38,14,5.643
10,9/10/1998,14:33,14,6.571
11,9/10/1998,14:28,14,6.571
12,9/10/1998,14:22,14,7
1,9/10/1998,14:17,14,6.714
2,9/10/1998,14:12,14,6.857
3,9/10/1998,14:07,14,6.5
4,9/10/1998,14:02,14,6.786
5,9/10/1998,13:57,14,6.643
6,9/10/1998,15:53,14,6.714
7,9/10/1998,15:48,14,6.286
8,9/10/1998,15:43,14,6.571
9,9/10/1998,15:38,14,6.214
10,9/10/1998,15:28,14,5.929
11,9/10/1998,15:23,14,5.429
12,9/10/1998,15:18,14,6
1,9/10/1998,15:13,14,6.143
2,9/10/1998,15:08,14,6.429
3,9/10/1998,15:03,14,6.5
4,9/10/1998,14:58,14,6.286
5,9/10/1998,14:53,14,6.357
6,9/10/1998,16:54,14,6.071
7,9/10/1998,16:48,14,6.643
8,9/10/1998,16:43,14,5.929
9,9/10/1998,16:38,14,5.857
10,9/10/1998,16:33,14,5.429
11,9/10/1998,16:28,14,5
12,9/10/1998,16:23,14,4.929
1,9/10/1998,16:18,14,5.786
2,9/10/1998,16:13,14,5.643
3,9/10/1998,16:08,14,6.714
4,9/10/1998,16:03,14,7.071
5,9/10/1998,15:58,14,5.929
6,9/10/1998,17:54,14,5.214
7,9/10/1998,17:49,14,5.143
8,9/10/1998,17:44,14,5.143
9,9/10/1998,17:39,14,5.143
10,9/10/1998,17:09,14,7.071
11,9/10/1998,17:04,14,5.571
12,9/10/1998,16:59,14,6
1,9/10/1998,16:54,14,6.071
2,9/10/1998,16:48,14,6.643
3,9/10/1998,16:43,14,5.929
4,9/10/1998,16:38,14,5.857
5,9/10/1998,16:33,14,5.429
6,9/10/1998,18:54,14,5.786
7,9/10/1998,18:49,14,6.071
8,9/10/1998,18:44,14,6.214
9,9/10/1998,18:39,14,6.214
10,9/10/1998,18:34,14,6.214
11,9/10/1998,18:29,14,6
12,9/10/1998,18:24,14,5.286
1,9/10/1998,18:19,14,5.357
2,9/10/1998,18:14,14,7
3,9/10/1998,18:09,14,5.5
4,9/10/1998,18:04,14,5.786
5,9/10/1998,17:59,14,5.071
6,9/10/1998,19:55,14,6.786
7,9/10/1998,19:50,14,5.714
8,9/10/1998,19:45,14,5.929
9,9/10/1998,19:40,14,5.786
10,9/10/1998,19:35,14,6.5
11,9/10/1998,19:30,14,5.5
12,9/10/1998,19:25,14,5.643
1,9/10/1998,19:20,14,5.571
2,9/10/1998,19:15,14,7.071
3,9/10/1998,19:09,14,8.286
4,9/10/1998,19:04,14,6.5
5,9/10/1998,18:59,14,5.214
6,9/10/1998,20:55,14,7.929
7,9/10/1998,20:50,14,7.714
8,9/10/1998,20:45,14,6.429
9,9/10/1998,20:40,14,6.786
10,9/10/1998,20:35,14,6.643
11,9/10/1998,20:30,14,6.5
12,9/10/1998,20:25,14,5.714
1,9/10/1998,20:20,14,5.5
2,9/10/1998,20:15,14,6.071
3,9/10/1998,20:10,14,6
4,9/10/1998,20:05,14,7.429
5,9/10/1998,20:00,14,7.143
6,9/10/1998,21:51,14,11.429
7,9/10/1998,21:46,14,11.643
8,9/10/1998,21:41,14,10.714
9,9/10/1998,21:36,14,10.143
10,9/10/1998,21:30,14,9.5
11,9/10/1998,21:25,14,8.286
12,9/10/1998,21:20,14,8.071
1,9/10/1998,21:15,14,7.286
2,9/10/1998,21:10,14,7.143
3,9/10/1998,21:05,14,6.5
4,9/10/1998,21:00,14,7.286
5,9/10/1998,20:55,14,7.929
6,9/10/1998,22:51,14,10.786
7,9/10/1998,22:46,14,10.5
8,9/10/1998,22:41,14,10.286
9,9/10/1998,22:36,14,9.5
10,9/10/1998,22:31,14,10.357
11,9/10/1998,22:26,14,9.929
12,9/10/1998,22:21,14,10.143
1,9/10/1998,22:16,14,11.286
2,9/10/1998,22:11,14,12.143
3,9/10/1998,22:06,14,12
4,9/10/1998,22:01,14,13.357
5,9/10/1998,21:56,14,11.929
6,9/10/1998,23:51,14,9.5
7,9/10/1998,23:46,14,8.714
8,9/10/1998,23:41,14,11
9,9/10/1998,23:36,14,12.357
10,9/10/1998,23:31,14,11.786
11,9/10/1998,23:26,14,11.429
12,9/10/1998,23:21,14,11.286
1,9/10/1998,23:16,14,13.143
2,9/10/1998,23:11,14,15.357
3,9/10/1998,23:06,14,14.429
4,9/10/1998,23:01,14,11.929
5,9/10/1998,22:56,14,11.429
6,9/11/1998,0:52,14,9.214
7,9/11/1998,0:47,14,10.929
8,9/11/1998,0:42,14,9.643
9,9/11/1998,0:37,14,9.143
10,9/11/1998,0:32,14,9.214
11,9/11/1998,0:27,14,9.357
12,9/11/1998,0:22,14,9.5
1,9/11/1998,0:17,14,8.857
2,9/11/1998,0:12,14,9.571
3,9/11/1998,0:07,14,10.714
4,9/11/1998,0:02,14,9
5,9/10/1998,23:57,14,9.214
6,9/11/1998,1:52,14,10.357
7,9/11/1998,1:47,14,11.571
8,9/11/1998,1:42,14,12.571
9,9/11/1998,1:37,14,12.429
10,9/11/1998,1:32,14,13.571
11,9/11/1998,1:27,14,12.714
12,9/11/1998,1:22,14,10.429
1,9/11/1998,1:17,14,10.357
2,9/11/1998,1:12,14,10.857
3,9/11/1998,1:07,14,11.071
4,9/11/1998,1:02,14,10.071
5,9/11/1998,0:57,14,10.714
6,5/4/1999,3:53,14,4.5
7,5/4/1999,3:48,14,5.643
8,5/4/1999,3:43,14,7.571
9,5/4/1999,3:38,14,8.714
10,5/4/1999,3:33,14,8.571
11,5/4/1999,3:28,14,8.071
12,5/4/1999,3:23,14,6.857
1,5/4/1999,3:18,14,6.929
2,5/4/1999,3:13,14,7.357
3,5/4/1999,3:08,14,8.143
4,5/4/1999,3:03,14,9.071
5,5/4/1999,2:58,14,9.5
6,5/4/1999,4:54,14,7.429
7,5/4/1999,4:49,14,7.286
8,5/4/1999,4:44,14,9.357
9,5/4/1999,4:39,14,9.143
10,5/4/1999,4:34,14,5.857
11,5/4/1999,4:28,14,4.357
12,5/4/1999,4:23,14,5.643
1,5/4/1999,4:18,14,5.214
2,5/4/1999,4:13,14,4.143
3,5/4/1999,4:08,14,3.5
4,5/4/1999,4:03,14,4.214
5,5/4/1999,3:58,14,4
6,5/4/1999,5:54,14,5.286
7,5/4/1999,5:49,14,5.357
8,5/4/1999,5:44,14,5.5
9,5/4/1999,5:39,14,6.5
10,5/4/1999,5:34,14,6.429
11,5/4/1999,5:29,14,9.571
12,5/4/1999,5:24,14,8.071
1,5/4/1999,5:19,14,7.714
2,5/4/1999,5:14,14,7.357
3,5/4/1999,5:09,14,10.071
4,5/4/1999,5:04,14,10.286
5,5/4/1999,4:59,14,9.643
6,5/4/1999,11:52,14,7.429
7,5/4/1999,11:46,14,7.857
8,5/4/1999,11:41,14,8.357
9,5/4/1999,11:36,14,8.786
10,5/4/1999,11:31,14,9.214
11,5/4/1999,11:26,14,10.286
12,5/4/1999,11:21,14,9.429
1,5/4/1999,11:16,14,8.786
2,5/4/1999,11:11,14,8.286
3,5/4/1999,11:06,14,8.429
4,5/4/1999,11:01,14,9.786
5,5/4/1999,10:56,14,9.571
6,5/4/1999,12:52,14,9.214
7,5/4/1999,12:47,14,6.429
8,5/4/1999,12:42,14,9.214
9,5/4/1999,12:37,14,8.214
10,5/4/1999,12:32,14,8.643
11,5/4/1999,12:27,14,8.643
12,5/4/1999,12:22,14,8.357
1,5/4/1999,12:17,14,4.929
2,5/4/1999,12:12,14,5.357
3,5/4/1999,12:07,14,8.429
4,5/4/1999,12:02,14,10.714
5,5/4/1999,11:57,14,7.714
6,5/4/1999,13:52,14,3.857
7,5/4/1999,13:47,14,4.286
8,5/4/1999,13:42,14,4.429
9,5/4/1999,13:37,14,4.071
10,5/4/1999,13:32,14,4.071
11,5/4/1999,13:27,14,4.571
12,5/4/1999,13:22,14,6.286
1,5/4/1999,13:17,14,5.857
2,5/4/1999,13:12,14,5.786
3,5/4/1999,13:07,14,6.786
4,5/4/1999,13:02,14,5.786
5,5/4/1999,12:57,14,6.571
6,5/4/1999,14:53,14,7.5
7,5/4/1999,14:48,14,10.786
8,5/4/1999,14:43,14,7.214
9,5/4/1999,14:38,14,8.286
10,5/4/1999,14:33,14,10.571
11,5/4/1999,14:28,14,8.429
12,5/4/1999,14:23,14,12.071
1,5/4/1999,14:18,14,8.929
2,5/4/1999,14:12,14,12.714
3,5/4/1999,14:07,14,6.857
4,5/4/1999,14:02,14,9.214
5,5/4/1999,13:57,14,4.929
6,5/4/1999,15:53,14,6.357
7,5/4/1999,15:48,14,8.214
8,5/4/1999,15:43,14,9.429
9,5/4/1999,15:38,14,10.143
10,5/4/1999,15:33,14,4.714
11,5/4/1999,15:28,14,4.143
12,5/4/1999,15:23,14,4.857
1,5/4/1999,15:18,14,4.857
2,5/4/1999,15:13,14,4.5
3,5/4/1999,15:08,14,12.286
4,5/4/1999,15:03,14,9.929
5,5/4/1999,14:58,14,7.286
6,5/4/1999,15:53,14,6.357
7,5/4/1999,15:48,14,8.214
8,5/4/1999,15:43,14,9.429
9,5/4/1999,15:38,14,10.143
10,5/4/1999,15:33,14,4.714
11,5/4/1999,15:28,14,4.143
12,5/4/1999,15:23,14,4.857
1,5/4/1999,15:18,14,4.857
2,5/4/1999,15:13,14,4.5
3,5/4/1999,15:08,14,12.286
4,5/4/1999,15:03,14,9.929
5,5/4/1999,14:58,14,7.286
6,5/4/1999,17:54,14,10.5
7,5/4/1999,17:49,14,9.357
8,5/4/1999,17:44,14,10.786
9,5/4/1999,17:39,14,9.643
10,5/4/1999,17:34,14,10.143
11,5/4/1999,17:29,14,12.429
12,5/4/1999,17:24,14,9.857
1,5/4/1999,17:19,14,11.643
2,5/4/1999,17:14,14,7.929
3,5/4/1999,17:09,14,9
4,5/4/1999,17:04,14,9.357
5,5/4/1999,16:59,14,10.571
6,5/4/1999,18:54,14,6.071
7,5/4/1999,18:49,14,10.214
8,5/4/1999,18:44,14,10.071
9,5/4/1999,18:39,14,9.571
10,5/4/1999,18:34,14,7.643
11,5/4/1999,18:29,14,9
12,5/4/1999,18:24,14,9.357
1,5/4/1999,18:19,14,9.857
2,5/4/1999,18:14,14,9.786
3,5/4/1999,18:09,14,9.429
4,5/4/1999,18:04,14,9.714
5,5/4/1999,17:59,14,8.714
6,5/4/1999,19:55,14,9.429
7,5/4/1999,19:50,14,9.571
8,5/4/1999,19:45,14,9.857
9,5/4/1999,19:40,14,8.357
10,5/4/1999,19:35,14,11.571
11,5/4/1999,19:30,14,10.429
12,5/4/1999,19:25,14,10.357
1,5/4/1999,19:20,14,9.786
2,5/4/1999,19:15,14,10.143
3,5/4/1999,19:10,14,9.571
4,5/4/1999,19:05,14,9.786
5,5/4/1999,18:59,14,7.5
6,5/4/1999,20:55,14,7.643
7,5/4/1999,20:50,14,8.714
8,5/4/1999,20:45,14,7.286
9,5/4/1999,20:40,14,7.5
10,5/4/1999,20:35,14,7.286
11,5/4/1999,20:30,14,7.143
12,5/4/1999,20:25,14,8
1,5/4/1999,20:20,14,7.286
2,5/4/1999,20:15,14,8.571
3,5/4/1999,20:10,14,4.857
4,5/4/1999,20:05,14,6.643
5,5/4/1999,20:00,14,8.571
6,5/4/1999,21:31,14,7.714
7,5/4/1999,21:25,14,8.071
8,5/4/1999,21:20,14,7.929
9,5/4/1999,21:15,14,8.5
10,5/4/1999,21:10,14,8.571
11,5/4/1999,21:05,14,8.214
12,5/4/1999,21:00,14,8.643
1,5/4/1999,20:55,14,7.643
2,5/4/1999,20:50,14,8.714
3,5/4/1999,20:45,14,7.286
4,5/4/1999,20:40,14,7.5
5,5/4/1999,20:35,14,7.286
6,5/4/1999,21:31,14,7.714
7,5/4/1999,21:25,14,8.071
8,5/4/1999,21:20,14,7.929
9,5/4/1999,21:15,14,8.5
10,5/4/1999,21:10,14,8.571
11,5/4/1999,21:05,14,8.214
12,5/4/1999,21:00,14,8.643
1,5/4/1999,20:55,14,7.643
2,5/4/1999,20:50,14,8.714
3,5/4/1999,20:45,14,7.286
4,5/4/1999,20:40,14,7.5
5,5/4/1999,23:56,14,6
6,5/4/1999,23:51,14,5.786
7,5/4/1999,23:46,14,6.143
8,5/4/1999,23:41,14,5.143
9,5/4/1999,23:36,14,5.5
10,5/4/1999,23:31,14,5.5
11,5/4/1999,23:26,14,5.929
12,5/4/1999,23:21,14,5.5
1,5/4/1999,23:16,14,7.429
2,5/4/1999,23:11,14,7.429
3,5/4/1999,23:06,14,7.071
4,5/5/1999,0:56,14,6.357
5,5/5/1999,0:51,14,5.929
6,5/5/1999,0:46,14,5.929
7,5/5/1999,0:41,14,5.929
8,5/5/1999,0:36,14,7
9,5/5/1999,0:31,14,7.429
10,5/5/1999,0:26,14,6.571
11,5/5/1999,0:21,14,5.714
1,5/5/1999,0:16,14,5.5
2,5/5/1999,0:11,14,6
3,5/5/1999,0:06,14,6.286
4,5/5/1999,0:01,14,5.571
5,5/5/1999,1:57,14,7
6,5/5/1999,1:52,14,7.929
7,5/5/1999,1:47,14,8.429
8,5/5/1999,1:42,14,8.357
9,5/5/1999,1:37,14,6.929
10,5/5/1999,1:32,14,7.286
11,5/5/1999,1:27,14,6.714
1,5/5/1999,1:22,14,7
2,5/5/1999,1:17,14,5.857
3,5/5/1999,1:12,14,7
4,5/5/1999,1:07,14,5.429
5,5/5/1999,1:02,14,7.357
6,5/5/1999,2:57,14,5.357
7,5/5/1999,2:52,14,6.143
8,5/5/1999,2:47,14,6.714
9,5/5/1999,2:42,14,7.357
10,5/5/1999,2:37,14,6.643
11,5/5/1999,2:32,14,7.643
12,5/5/1999,2:27,14,7.571
1,5/5/1999,2:22,14,7.071
2,5/5/1999,2:17,14,7.214
3,5/5/1999,2:12,14,7.214
4,5/5/1999,2:07,14,6.071
5,5/5/1999,2:02,14,6.786
6,5/5/1999,3:58,14,5.857
7,5/5/1999,3:53,14,5.643
8,5/5/1999,3:48,14,7.786
9,5/5/1999,3:43,14,6.643
10,5/5/1999,3:38,14,6.071
11,5/5/1999,3:33,14,6.071
12,5/5/1999,3:28,14,7.143
1,5/5/1999,3:23,14,7.429
2,5/5/1999,3:17,14,6.714
3,5/5/1999,3:12,14,6.214
4,5/5/1999,3:07,14,6.429
5,5/5/1999,3:02,14,6.071
6,5/5/1999,4:58,14,4.786
7,5/5/1999,4:53,14,5.214
8,5/5/1999,4:48,14,7
9,5/5/1999,4:43,14,6.357
10,5/5/1999,4:38,14,6.286
11,5/5/1999,4:33,14,5.714
12,5/5/1999,4:28,14,5.214
1,5/5/1999,4:23,14,5.286
2,5/5/1999,4:18,14,5.071
3,5/5/1999,4:13,14,5.357
4,5/5/1999,4:08,14,5.714
5,5/5/1999,4:03,14,5.857
6,5/5/1999,5:59,14,5.357
7,5/5/1999,5:54,14,6.143
8,5/5/1999,5:49,14,8.429
9,5/5/1999,5:43,14,8.357
10,5/5/1999,5:38,14,7.357
11,5/5/1999,5:33,14,5.143
12,5/5/1999,5:28,14,5.214
1,5/5/1999,5:23,14,5.357
2,5/5/1999,5:18,14,5.857
3,5/5/1999,5:13,14,5.714
4,5/5/1999,5:08,14,5.786
5,5/5/1999,5:03,14,4.429
6,5/5/1999,6:54,14,5.357
7,5/5/1999,6:49,14,4.857
8,5/5/1999,6:44,14,4.357
9,5/5/1999,6:39,14,4.571
10,5/5/1999,6:34,14,4.714
11,5/5/1999,6:29,14,5
12,5/5/1999,6:24,14,6.357
1,5/5/1999,6:19,14,6.143
2,5/5/1999,6:14,14,6.643
3,5/5/1999,6:09,14,5
4,5/5/1999,6:04,14,6.214
5,5/5/1999,5:59,14,5.357
6,5/5/1999,7:54,14,5.286
7,5/5/1999,7:49,14,5.786
8,5/5/1999,7:44,14,5.357
9,5/5/1999,7:39,14,4.857
10,5/5/1999,7:34,14,5.071
11,5/5/1999,7:29,14,4.571
12,5/5/1999,7:24,14,4.786
1,5/5/1999,7:19,14,4.071
2,5/5/1999,7:14,14,4.429
3,5/5/1999,7:09,14,4.357
4,5/5/1999,7:04,14,4.714
5,5/5/1999,6:59,14,4.786
6,5/5/1999,8:55,14,5.429
7,5/5/1999,8:50,14,5.714
8,5/5/1999,8:45,14,6.714
9,5/5/1999,8:40,14,4.643
10,5/5/1999,8:35,14,6.429
11,5/5/1999,8:30,14,5.071
12,5/5/1999,8:25,14,5.786
1,5/5/1999,8:20,14,5.786
2,5/5/1999,8:15,14,6.286
3,5/5/1999,8:09,14,5.571
4,5/5/1999,8:04,14,5.5
5,5/5/1999,7:59,14,5.143
6,5/5/1999,9:55,14,6.429
7,5/5/1999,9:50,14,6.143
8,5/5/1999,9:45,14,5.786
9,5/5/1999,9:40,14,6.5
10,5/5/1999,9:35,14,5.357
11,5/5/1999,9:30,14,6.5
12,5/5/1999,9:25,14,9.429
1,5/5/1999,9:20,14,10.286
2,5/5/1999,9:15,14,7.071
3,5/5/1999,9:10,14,6
4,5/5/1999,9:05,14,6.071
5,5/5/1999,9:00,14,6.429
6,5/5/1999,10:56,14,6.357
7,5/5/1999,10:51,14,6.929
8,5/5/1999,10:46,14,6.571
9,5/5/1999,10:41,14,5.714
10,5/5/1999,10:35,14,5.786
11,5/5/1999,10:30,14,6.929
12,5/5/1999,10:25,14,6.286
1,5/5/1999,10:20,14,6.929
2,5/5/1999,10:15,14,6.857
3,5/5/1999,10:10,14,5.214
4,5/5/1999,10:05,14,6.071
5,5/5/1999,10:00,14,6.5
6,5/5/1999,11:51,14,6.786
7,5/5/1999,11:46,14,6.786
8,5/5/1999,11:41,14,5.857
9,5/5/1999,11:36,14,6.5
10,5/5/1999,11:31,14,7.429
11,5/5/1999,11:26,14,6.429
12,5/5/1999,11:21,14,5.929
1,5/5/1999,11:16,14,5.429
2,5/5/1999,11:11,14,6.286
3,5/5/1999,11:06,14,6.5
4,5/5/1999,11:01,14,6.214
5,5/5/1999,10:56,14,6.357
6,5/5/1999,12:51,14,6.286
7,5/5/1999,12:46,14,5.286
8,5/5/1999,12:41,14,6.786
9,5/5/1999,12:36,14,6.5
10,5/5/1999,12:31,14,5.214
11,5/5/1999,12:26,14,4.5
12,5/5/1999,12:21,14,4.429
1,5/5/1999,12:16,14,5.214
2,5/5/1999,12:11,14,5.143
3,5/5/1999,12:06,14,6.143
4,5/5/1999,12:01,14,5.786
5,5/5/1999,11:56,14,6.786
6,5/5/1999,13:52,14,15.429
7,5/5/1999,13:47,14,14.714
8,5/5/1999,13:42,14,13.786
9,5/5/1999,13:37,14,12.357
10,5/5/1999,13:32,14,17.071
11,5/5/1999,13:27,14,6.929
12,5/5/1999,13:22,14,9.214
1,5/5/1999,13:17,14,9.071
2,5/5/1999,13:12,14,9.643
3,5/5/1999,13:07,14,8.071
4,5/5/1999,13:01,14,8.071
5,5/5/1999,12:56,14,9.571
6,5/5/1999,14:52,14,16.857
7,5/5/1999,14:47,14,14.143
8,5/5/1999,14:42,14,17.071
9,5/5/1999,14:37,14,13.143
10,5/5/1999,14:32,14,9.857
11,5/5/1999,14:27,14,11.5
12,5/5/1999,14:22,14,17.357
1,5/5/1999,14:17,14,11.857
2,5/5/1999,14:12,14,8.714
3,5/5/1999,14:07,14,7.714
4,5/5/1999,14:02,14,8
5,5/5/1999,13:57,14,10.786
6,5/5/1999,15:53,14,4.857
7,5/5/1999,15:48,14,5
8,5/5/1999,15:43,14,9.643
9,5/5/1999,15:38,14,8.857
10,5/5/1999,15:33,14,8.643
11,5/5/1999,15:27,14,10.571
12,5/5/1999,15:22,14,8.429
1,5/5/1999,15:17,14,10.429
2,5/5/1999,15:12,14,10.929
3,5/5/1999,15:07,14,12.786
4,5/5/1999,15:02,14,9.786
5,5/5/1999,16:53,14,5.571
6,5/5/1999,16:48,14,6.214
7,5/5/1999,16:43,14,6.071
8,5/5/1999,16:38,14,6.143
9,5/5/1999,16:33,14,7.643
10,5/5/1999,16:28,14,8.143
11,5/5/1999,16:23,14,7.786
12,5/5/1999,16:18,14,10.929
1,5/5/1999,16:13,14,7.214
2,5/5/1999,16:08,14,7
3,5/5/1999,16:03,14,8.786
4,5/5/1999,15:58,14,8.929
5,5/5/1999,17:43,14,11.429
6,5/5/1999,17:38,14,9.571
7,5/5/1999,17:33,14,12.071
8,5/5/1999,17:28,14,12.357
9,5/5/1999,17:23,14,11.429
10,5/5/1999,17:18,14,10.571
11,5/5/1999,17:13,14,9
1,5/5/1999,17:08,14,7.071
2,5/5/1999,17:03,14,7.071
3,5/5/1999,16:58,14,6.357
4,5/5/1999,17:43,14,11.429
5,5/5/1999,17:38,14,9.571
6,5/5/1999,17:33,14,12.071
7,5/5/1999,17:28,14,12.357
8,5/5/1999,17:23,14,11.429
9,5/5/1999,17:18,14,10.571
10,5/5/1999,17:13,14,9
11,5/5/1999,17:08,14,7.071
12,5/5/1999,17:03,14,7.071
1,5/5/1999,16:58,14,6.357
2,5/5/1999,17:43,14,11.429
3,5/5/1999,17:38,14,9.571
4,5/5/1999,17:33,14,12.071
5,5/5/1999,17:28,14,12.357
6,5/5/1999,17:23,14,11.429
7,5/5/1999,17:18,14,10.571
8,5/5/1999,17:13,14,9
9,5/5/1999,17:08,14,7.071
10,5/5/1999,17:03,14,7.071
1,5/5/1999,16:58,14,6.357
2,5/5/1999,20:52,14,13.929
3,5/5/1999,20:47,14,14.857
4,5/5/1999,20:42,14,11.857
5,5/5/1999,20:37,14,11.5
6,5/5/1999,20:32,14,10.143
7,5/5/1999,20:27,14,9.929
8,5/5/1999,20:22,14,9.429
9,5/5/1999,20:17,14,8.5
10,5/5/1999,20:12,14,9.571
1,5/5/1999,17:43,14,11.429
2,5/5/1999,21:52,14,13.143
3,5/5/1999,21:47,14,10.5
4,5/5/1999,21:42,14,11.643
5,5/5/1999,21:37,14,11.643
6,5/5/1999,21:32,14,12
7,5/5/1999,21:27,14,10.429
8,5/5/1999,21:22,14,10
9,5/5/1999,21:17,14,11.429
10,5/5/1999,21:12,14,11.643
1,5/5/1999,21:07,14,15.571
2,5/5/1999,21:02,14,10.714
3,5/5/1999,20:57,14,13
4,5/5/1999,22:53,14,14.429
5,5/5/1999,22:48,14,15.5
6,5/5/1999,22:43,14,18.071
7,5/5/1999,22:38,14,17.429
8,5/5/1999,22:33,14,14.714
9,5/5/1999,22:28,14,13.714
10,5/5/1999,22:23,14,12.286
1,5/5/1999,22:18,14,13
2,5/5/1999,22:13,14,12.643
3,5/5/1999,22:08,14,12.286
4,5/5/1999,22:03,14,12
5,5/5/1999,21:57,14,9.071
6,5/5/1999,23:53,14,11
7,5/5/1999,23:48,14,10.857
8,5/5/1999,23:43,14,11
9,5/5/1999,23:38,14,13.071
10,5/5/1999,23:33,14,11.714
11,5/5/1999,23:28,14,14.929
12,5/5/1999,23:23,14,13.429
1,5/5/1999,23:18,14,12.714
2,5/5/1999,23:13,14,16.429
3,5/5/1999,23:08,14,13.643
4,5/5/1999,23:03,14,15.214
5,5/5/1999,22:58,14,15.357
6,5/6/1999,0:54,14,4.429
7,5/6/1999,0:49,14,8
8,5/6/1999,0:44,14,9.429
9,5/6/1999,0:39,14,12.929
10,5/6/1999,0:34,14,13.071
11,5/6/1999,0:29,14,11.429
12,5/6/1999,0:23,14,8.857
1,5/6/1999,0:18,14,9
2,5/6/1999,0:13,14,11
3,5/6/1999,0:08,14,12.857
4,5/6/1999,0:03,14,11.429
5,5/5/1999,23:58,14,13.929
6,5/6/1999,1:54,14,5.857
7,5/6/1999,1:49,14,6.786
8,5/6/1999,1:44,14,8.714
9,5/6/1999,1:39,14,6.929
10,5/6/1999,1:34,14,3.571
11,5/6/1999,1:29,14,4.357
12,5/6/1999,1:24,14,3.857
1,5/6/1999,1:19,14,4.786
2,5/6/1999,1:14,14,6.143
3,5/6/1999,1:09,14,7.786
4,5/6/1999,1:04,14,8.071
5,5/6/1999,0:59,14,4.786
6,5/6/1999,2:55,14,9.857
7,5/6/1999,2:49,14,10.071
8,5/6/1999,2:44,14,9.571
9,5/6/1999,2:39,14,9.571
10,5/6/1999,2:34,14,11.143
11,5/6/1999,2:29,14,9.429
12,5/6/1999,2:24,14,9.5
1,5/6/1999,2:19,14,9.429
2,5/6/1999,2:14,14,9.786
3,5/6/1999,2:09,14,5.214
4,5/6/1999,2:04,14,5.643
5,5/6/1999,1:59,14,8.857
6,5/20/1999,3:52,14,12.143
7,5/20/1999,3:47,14,8.643
8,5/20/1999,3:42,14,10.143
9,5/20/1999,3:37,14,11.071
10,5/20/1999,3:32,14,9.929
11,5/20/1999,3:27,14,8.786
12,5/20/1999,3:22,14,11.286
1,5/20/1999,3:17,14,11.714
2,5/20/1999,3:12,14,11.714
3,5/20/1999,3:07,14,10.5
4,5/20/1999,3:02,14,7.214
5,5/20/1999,2:57,14,7.929
6,5/20/1999,4:53,14,10.071
7,5/20/1999,4:48,14,10.643
8,5/20/1999,4:43,14,8.714
9,5/20/1999,4:38,14,8.429
10,5/20/1999,4:33,14,7.857
11,5/20/1999,4:28,14,10.143
12,5/20/1999,4:23,14,15.857
1,5/20/1999,4:18,14,12.286
2,5/20/1999,4:13,14,12.071
3,5/20/1999,4:08,14,9.214
4,5/20/1999,4:03,14,9.357
5,5/20/1999,3:57,14,8.929
6,5/20/1999,5:53,14,6.214
7,5/20/1999,5:48,14,8.571
8,5/20/1999,5:43,14,9.571
9,5/20/1999,5:38,14,7
10,5/20/1999,5:33,14,10
11,5/20/1999,5:28,14,7.071
12,5/20/1999,5:23,14,6.714
1,5/20/1999,5:18,14,11.143
2,5/20/1999,5:13,14,8.857
3,5/20/1999,5:08,14,8.643
4,5/20/1999,5:03,14,6.571
5,5/20/1999,4:58,14,10.071
6,5/20/1999,6:54,14,5.643
7,5/20/1999,6:49,14,7.571
8,5/20/1999,6:39,14,7.429
9,5/20/1999,6:34,14,4.5
10,5/20/1999,6:29,14,4.714
11,5/20/1999,6:24,14,6.214
12,5/20/1999,6:18,14,6.786
1,5/20/1999,6:13,14,5.571
2,5/20/1999,6:08,14,6.714
3,5/20/1999,6:03,14,5.571
4,5/20/1999,5:58,14,6.929
5,5/20/1999,5:53,14,6.214
6,5/20/1999,7:54,14,7.071
7,5/20/1999,7:49,14,6.929
8,5/20/1999,7:44,14,7.929
9,5/20/1999,7:39,14,6.571
10,5/20/1999,7:34,14,5
11,5/20/1999,7:29,14,5.571
12,5/20/1999,7:24,14,4.857
1,5/20/1999,7:19,14,5.214
2,5/20/1999,7:14,14,6.143
3,5/20/1999,7:09,14,7.714
4,5/20/1999,7:04,14,6.714
5,5/20/1999,6:59,14,4.5
6,5/20/1999,8:55,14,9.357
7,5/20/1999,8:50,14,12.857
8,5/20/1999,8:44,14,12
9,5/20/1999,8:39,14,6.571
10,5/20/1999,8:34,14,6.214
11,5/20/1999,8:29,14,5.357
12,5/20/1999,8:24,14,5.643
1,5/20/1999,8:19,14,7.571
2,5/20/1999,8:14,14,8.5
3,5/20/1999,8:09,14,9.071
4,5/20/1999,8:04,14,6.929
5,5/20/1999,7:59,14,4.714
6,5/20/1999,9:55,14,10.857
7,5/20/1999,9:50,14,10.071
8,5/20/1999,9:45,14,6.286
9,5/20/1999,9:40,14,8
10,5/20/1999,9:35,14,6.929
11,5/20/1999,9:30,14,8.857
12,5/20/1999,9:25,14,8.929
1,5/20/1999,9:20,14,9.143
2,5/20/1999,9:15,14,5.143
3,5/20/1999,9:10,14,5.286
4,5/20/1999,9:05,14,7.643
5,5/20/1999,9:00,14,6.857
6,5/20/1999,10:50,14,10.214
7,5/20/1999,10:45,14,7.571
8,5/20/1999,10:40,14,9.143
9,5/20/1999,10:35,14,9.929
10,5/20/1999,10:30,14,9.786
11,5/20/1999,10:25,14,8.143
12,5/20/1999,10:20,14,9.857
1,5/20/1999,10:15,14,10.214
2,5/20/1999,10:10,14,9
3,5/20/1999,10:05,14,9.929
4,5/20/1999,11:51,14,9.429
5,5/20/1999,11:46,14,8.071
6,5/20/1999,11:41,14,8.071
7,5/20/1999,11:36,14,6.929
8,5/20/1999,11:31,14,7.857
9,5/20/1999,11:26,14,7.857
10,5/20/1999,11:21,14,7.214
11,5/20/1999,11:16,14,8.429
12,5/20/1999,11:10,14,7.5
1,5/20/1999,11:05,14,6.571
2,5/20/1999,11:00,14,8
3,5/20/1999,10:55,14,9.143
4,5/20/1999,12:51,14,9.214
5,5/20/1999,12:46,14,8.786
6,5/20/1999,12:41,14,10.5
7,5/20/1999,12:36,14,11.5
8,5/20/1999,12:31,14,11.429
9,5/20/1999,12:26,14,11
10,5/20/1999,12:21,14,10.286
1,5/20/1999,12:16,14,10.429
2,5/20/1999,12:11,14,9.643
3,5/20/1999,12:06,14,11.214
4,5/20/1999,12:01,14,9.857
5,5/20/1999,11:56,14,7.643
6,5/20/1999,12:51,14,9.214
7,5/20/1999,12:46,14,8.786
8,5/20/1999,12:41,14,10.5
9,5/20/1999,12:36,14,11.5
10,5/20/1999,12:31,14,11.429
11,5/20/1999,12:26,14,11
12,5/20/1999,12:21,14,10.286
1,5/20/1999,12:16,14,10.429
2,5/20/1999,12:11,14,9.643
3,5/20/1999,12:06,14,11.214
4,5/20/1999,12:01,14,9.857
5,5/20/1999,11:56,14,7.643
6,5/20/1999,12:51,14,9.214
7,5/20/1999,12:46,14,8.786
8,5/20/1999,12:41,14,10.5
9,5/20/1999,12:36,14,11.5
10,5/20/1999,12:31,14,11.429
11,5/20/1999,12:26,14,11
12,5/20/1999,12:21,14,10.286
1,5/20/1999,12:16,14,10.429
2,5/20/1999,12:11,14,9.643
3,5/20/1999,12:06,14,11.214
4,5/20/1999,12:01,14,9.857
5,5/20/1999,11:56,14,7.643
6,5/20/1999,12:51,14,9.214
7,5/20/1999,12:46,14,8.786
8,5/20/1999,12:41,14,10.5
9,5/20/1999,12:36,14,11.5
10,5/20/1999,12:31,14,11.429
11,5/20/1999,12:26,14,11
12,5/20/1999,12:21,14,10.286
1,5/20/1999,12:16,14,10.429
2,5/20/1999,12:11,14,9.643
3,5/20/1999,12:06,14,11.214
4,5/20/1999,12:01,14,9.857
5,5/20/1999,11:56,14,7.643
6,5/20/1999,12:51,14,9.214
7,5/20/1999,12:46,14,8.786
8,5/20/1999,12:41,14,10.5
9,5/20/1999,12:36,14,11.5
10,5/20/1999,12:31,14,11.429
11,5/20/1999,12:26,14,11
12,5/20/1999,12:21,14,10.286
1,5/20/1999,12:16,14,10.429
2,5/20/1999,12:11,14,9.643
3,5/20/1999,12:06,14,11.214
4,5/20/1999,12:01,14,9.857
5,5/20/1999,11:56,14,7.643
6,5/20/1999,12:51,14,9.214
7,5/20/1999,12:46,14,8.786
8,5/20/1999,12:41,14,10.5
9,5/20/1999,12:36,14,11.5
10,5/20/1999,12:31,14,11.429
11,5/20/1999,12:26,14,11
12,5/20/1999,12:21,14,10.286
1,5/20/1999,12:16,14,10.429
2,5/20/1999,12:11,14,9.643
3,5/20/1999,12:06,14,11.214
4,5/20/1999,12:01,14,9.857
5,5/20/1999,11:56,14,7.643
6,5/20/1999,12:51,14,9.214
7,5/20/1999,12:46,14,8.786
8,5/20/1999,12:41,14,10.5
9,5/20/1999,12:36,14,11.5
10,5/20/1999,12:31,14,11.429
11,5/20/1999,12:26,14,11
12,5/20/1999,12:21,14,10.286
1,5/20/1999,12:16,14,10.429
2,5/20/1999,12:11,14,9.643
3,5/20/1999,12:06,14,11.214
4,5/20/1999,12:01,14,9.857
5,5/20/1999,11:56,14,7.643
6,5/20/1999,12:51,14,9.214
7,5/20/1999,12:46,14,8.786
8,5/20/1999,12:41,14,10.5
9,5/20/1999,12:36,14,11.5
10,5/20/1999,12:31,14,11.429
11,5/20/1999,12:26,14,11
12,5/20/1999,12:21,14,10.286
1,5/20/1999,12:16,14,10.429
2,5/20/1999,12:11,14,9.643
3,5/20/1999,12:06,14,11.214
4,5/20/1999,12:01,14,9.857
5,5/20/1999,11:56,14,7.643
6,5/20/1999,12:51,14,9.214
7,5/20/1999,12:46,14,8.786
8,5/20/1999,12:41,14,10.5
9,5/20/1999,12:36,14,11.5
10,5/20/1999,12:31,14,11.429
11,5/20/1999,12:26,14,11
12,5/20/1999,12:21,14,10.286
1,5/20/1999,12:16,14,10.429
2,5/20/1999,12:11,14,9.643
3,5/20/1999,12:06,14,11.214
4,5/20/1999,12:01,14,9.857
5,5/20/1999,11:56,14,7.643
6,5/20/1999,12:51,14,9.214
7,5/20/1999,12:46,14,8.786
8,5/20/1999,12:41,14,10.5
9,5/20/1999,12:36,14,11.5
10,5/20/1999,12:31,14,11.429
11,5/20/1999,12:26,14,11
12,5/20/1999,12:21,14,10.286
1,5/20/1999,12:16,14,10.429
2,5/20/1999,12:11,14,9.643
3,5/20/1999,12:06,14,11.214
4,5/20/1999,12:01,14,9.857
5,5/20/1999,11:56,14,7.643
6,5/20/1999,12:51,14,9.214
7,5/20/1999,12:46,14,8.786
8,5/20/1999,12:41,14,10.5
9,5/20/1999,12:36,14,11.5
10,5/20/1999,12:31,14,11.429
11,5/20/1999,12:26,14,11
12,5/20/1999,12:21,14,10.286
1,5/20/1999,12:16,14,10.429
2,5/20/1999,12:11,14,9.643
3,5/20/1999,12:06,14,11.214
4,5/20/1999,12:01,14,9.857
5,5/20/1999,11:56,14,7.643
6,5/20/1999,12:51,14,9.214
7,5/20/1999,12:46,14,8.786
8,5/20/1999,12:41,14,10.5
9,5/20/1999,12:36,14,11.5
10,5/20/1999,12:31,14,11.429
11,5/20/1999,12:26,14,11
12,5/20/1999,12:21,14,10.286
1,5/20/1999,12:16,14,10.429
2,5/20/1999,12:11,14,9.643
3,5/20/1999,12:06,14,11.214
4,5/20/1999,12:01,14,9.857
5,5/20/1999,11:56,14,7.643
6,5/20/1999,12:51,14,9.214
7,5/20/1999,12:46,14,8.786
8,5/20/1999,12:41,14,10.5
9,5/20/1999,12:36,14,11.5
10,5/20/1999,12:31,14,11.429
11,5/20/1999,12:26,14,11
12,5/20/1999,12:21,14,10.286
1,5/20/1999,12:16,14,10.429
2,5/20/1999,12:11,14,9.643
3,5/20/1999,12:06,14,11.214
4,5/20/1999,12:01,14,9.857
5,5/20/1999,11:56,14,7.643
6,5/20/1999,12:51,14,9.214
7,5/20/1999,12:46,14,8.786
8,5/20/1999,12:41,14,10.5
9,5/20/1999,12:36,14,11.5
10,5/20/1999,12:31,14,11.429
11,5/20/1999,12:26,14,11
12,5/20/1999,12:21,14,10.286
1,5/20/1999,12:16,14,10.429
2,5/20/1999,12:11,14,9.643
3,5/20/1999,12:06,14,11.214
4,5/20/1999,12:01,14,9.857
5,5/20/1999,11:56,14,7.643
6,5/20/1999,12:51,14,9.214
7,5/20/1999,12:46,14,8.786
8,5/20/1999,12:41,14,10.5
9,5/20/1999,12:36,14,11.5
10,5/20/1999,12:31,14,11.429
11,5/20/1999,12:26,14,11
12,5/20/1999,12:21,14,10.286
1,5/20/1999,12:16,14,10.429
2,5/20/1999,12:11,14,9.643
3,5/20/1999,12:06,14,11.214
4,5/20/1999,12:01,14,9.857
5,5/20/1999,11:56,14,7.643
6,10/5/2000,3:52,14,8
7,10/5/2000,3:46,14,8.5
8,10/5/2000,3:41,14,9.071
9,10/5/2000,3:36,14,12.071
10,10/5/2000,3:31,14,11.643
11,10/5/2000,3:26,14,9.5
12,10/5/2000,3:21,14,9
1,10/5/2000,3:16,14,9.714
2,10/5/2000,3:11,14,9.786
3,10/5/2000,3:06,14,9.214
4,10/5/2000,3:01,14,9.857
5,10/5/2000,2:56,14,10.214
6,10/5/2000,4:52,14,10.071
7,10/5/2000,4:47,14,13.214
8,10/5/2000,4:42,14,13
9,10/5/2000,4:37,14,16.429
10,10/5/2000,4:32,14,17
11,10/5/2000,4:27,14,17.5
12,10/5/2000,4:22,14,11.857
1,10/5/2000,4:17,14,10.643
2,10/5/2000,4:12,14,9.571
3,10/5/2000,4:07,14,9.714
4,10/5/2000,4:02,14,8.357
5,10/5/2000,3:57,14,8.571
6,10/5/2000,5:52,14,9.571
7,10/5/2000,5:47,14,9.643
8,10/5/2000,5:42,14,9.643
9,10/5/2000,5:37,14,14.429
10,10/5/2000,5:32,14,20.429
11,10/5/2000,5:27,14,16.857
12,10/5/2000,5:22,14,13.429
1,10/5/2000,5:17,14,16.643
2,10/5/2000,5:12,14,12.714
3,10/5/2000,5:07,14,12.643
4,10/5/2000,5:02,14,12.214
5,10/5/2000,4:57,14,10.214
6,10/5/2000,7:53,14,10.714
7,10/5/2000,7:48,14,9.5
8,10/5/2000,7:43,14,13.857
9,10/5/2000,7:38,14,11.714
10,10/5/2000,7:33,14,10.929
11,10/5/2000,7:28,14,14
12,10/5/2000,7:23,14,14.071
1,10/5/2000,7:18,14,10.786
2,10/5/2000,7:13,14,9.571
3,10/5/2000,7:08,14,17.929
4,10/5/2000,7:03,14,11.214
5,10/5/2000,6:58,14,10.714
6,10/5/2000,8:54,14,12.214
7,10/5/2000,8:49,14,13.571
8,10/5/2000,8:44,14,13.714
9,10/5/2000,8:39,14,13.286
10,10/5/2000,8:33,14,13.143
11,10/5/2000,8:28,14,12.643
12,10/5/2000,8:23,14,11.429
1,10/5/2000,8:18,14,11.286
2,10/5/2000,8:13,14,10.071
3,10/5/2000,8:08,14,17.857
4,10/5/2000,8:03,14,12.143
5,10/5/2000,7:58,14,11.643
6,10/5/2000,9:54,14,10.857
7,10/5/2000,9:49,14,10.857
8,10/5/2000,9:44,14,12.286
9,10/5/2000,9:39,14,12.714
10,10/5/2000,9:34,14,13.714
11,10/5/2000,9:29,14,12.286
12,10/5/2000,9:24,14,14
1,10/5/2000,9:19,14,14.357
2,10/5/2000,9:14,14,15.286
3,10/5/2000,9:09,14,21.357
4,10/5/2000,9:04,14,20
5,10/5/2000,8:59,14,13.214
6,10/5/2000,10:54,14,16.071
7,10/5/2000,10:49,14,16.143
8,10/5/2000,10:44,14,16.571
9,10/5/2000,10:39,14,15.5
10,10/5/2000,10:34,14,15.643
11,10/5/2000,10:29,14,16.357
12,10/5/2000,10:24,14,15.429
1,10/5/2000,10:19,14,14.857
2,10/5/2000,10:14,14,15.071
3,10/5/2000,10:09,14,15.786
4,10/5/2000,10:04,14,13.857
5,10/5/2000,9:59,14,10.857
6,10/5/2000,11:55,14,16
7,10/5/2000,11:50,14,14.143
8,10/5/2000,11:45,14,11.714
9,10/5/2000,11:40,14,11.929
10,10/5/2000,11:35,14,13.5
11,10/5/2000,11:30,14,10.071
12,10/5/2000,11:25,14,14.071
1,10/5/2000,11:20,14,12.286
2,10/5/2000,11:15,14,14.643
3,10/5/2000,11:10,14,11.643
4,10/5/2000,11:05,14,13.643
5,10/5/2000,11:00,14,15.929
6,10/5/2000,12:55,14,16.643
7,10/5/2000,12:50,14,19.143
8,10/5/2000,12:45,14,17.071
9,10/5/2000,12:40,14,17.286
10,10/5/2000,12:35,14,14.714
11,10/5/2000,12:30,14,14.571
12,10/5/2000,12:25,14,14.786
1,10/5/2000,12:20,14,15.643
2,10/5/2000,12:15,14,14.786
3,10/5/2000,12:10,14,14.714
4,10/5/2000,12:05,14,17.5
5,10/5/2000,12:00,14,13.071
6,10/5/2000,13:56,14,22.929
7,10/5/2000,13:51,14,19.643
8,10/5/2000,13:46,14,19.429
9,10/5/2000,13:41,14,19.071
10,10/5/2000,13:36,14,19.214
11,10/5/2000,13:31,14,20.5
12,10/5/2000,13:26,14,21.5
1,10/5/2000,13:20,14,18.286
2,10/5/2000,13:15,14,19.643
3,10/5/2000,13:10,14,14.571
4,10/5/2000,13:05,14,15.286
5,10/5/2000,13:00,14,17.643
6,10/5/2000,14:56,14,19.714
7,10/5/2000,14:51,14,18.714
8,10/5/2000,14:46,14,20.357
9,10/5/2000,14:41,14,21
10,10/5/2000,14:36,14,20.143
11,10/5/2000,14:31,14,20.571
12,10/5/2000,14:26,14,20.857
1,10/5/2000,14:21,14,20.214
2,10/5/2000,14:16,14,20.786
3,10/5/2000,14:11,14,20.714
4,10/5/2000,14:06,14,23.929
5,10/5/2000,14:01,14,24.5
6,10/5/2000,15:52,14,19.143
7,10/5/2000,15:46,14,18.643
8,10/5/2000,15:41,14,21.929
9,10/5/2000,15:36,14,25.143
10,10/5/2000,15:31,14,25.643
11,10/5/2000,15:26,14,24.5
12,10/5/2000,15:21,14,25
1,10/5/2000,15:16,14,23.5
2,10/5/2000,15:11,14,21
3,10/5/2000,15:06,14,19.929
4,10/5/2000,15:01,14,24.357
5,10/5/2000,14:56,14,19.714
6,10/5/2000,16:52,14,16.429
7,10/5/2000,16:47,14,17.571
8,10/5/2000,16:42,14,18.286
9,10/5/2000,16:37,14,17.643
10,10/5/2000,16:32,14,15.429
11,10/5/2000,16:27,14,18.429
12,10/5/2000,16:22,14,18.214
1,10/5/2000,16:17,14,15.643
2,10/5/2000,16:12,14,17.143
3,10/5/2000,16:07,14,17.714
4,10/5/2000,16:02,14,18.214
5,10/5/2000,15:57,14,18.071
6,10/5/2000,17:52,14,15.071
7,10/5/2000,17:47,14,15.071
8,10/5/2000,17:42,14,14.714
9,10/5/2000,17:37,14,15.071
10,10/5/2000,17:32,14,14.143
11,10/5/2000,17:27,14,15.714
12,10/5/2000,17:22,14,15.786
1,10/5/2000,17:17,14,15.357
2,10/5/2000,17:12,14,17.929
3,10/5/2000,17:07,14,19
4,10/5/2000,17:02,14,18.5
5,10/5/2000,16:57,14,17.429
6,10/5/2000,18:53,14,16.786
7,10/5/2000,18:48,14,15.714
8,10/5/2000,18:43,14,19.071
9,10/5/2000,18:38,14,19.214
10,10/5/2000,18:33,14,20.286
11,10/5/2000,18:28,14,17.5
12,10/5/2000,18:23,14,15.786
1,10/5/2000,18:18,14,18.286
2,10/5/2000,18:13,14,17.786
3,10/5/2000,18:07,14,18.071
4,10/5/2000,18:02,14,17.786
5,10/5/2000,17:57,14,17.429
6,10/5/2000,19:53,14,18.286
7,10/5/2000,19:48,14,17.286
8,10/5/2000,19:43,14,17.5
9,10/5/2000,19:38,14,17.857
10,10/5/2000,19:33,14,16.071
11,10/5/2000,19:28,14,15.571
12,10/5/2000,19:23,14,17.143
1,10/5/2000,19:18,14,17.357
2,10/5/2000,19:13,14,18.714
3,10/5/2000,19:08,14,17.5
4,10/5/2000,19:03,14,19.571
5,10/5/2000,18:58,14,19.429
6,10/5/2000,20:54,14,23.143
7,10/5/2000,20:49,14,22.286
8,10/5/2000,20:44,14,22.571
9,10/5/2000,20:39,14,23.429
10,10/5/2000,20:33,14,23
11,10/5/2000,20:28,14,22.643
12,10/5/2000,20:23,14,23.429
1,10/5/2000,20:18,14,23.786
2,10/5/2000,20:13,14,21.929
3,10/5/2000,20:08,14,20.071
4,10/5/2000,20:03,14,22.214
5,10/5/2000,19:58,14,22.143
6,10/5/2000,21:54,14,21.286
7,10/5/2000,21:49,14,18.857
8,10/5/2000,21:44,14,19.643
9,10/5/2000,21:39,14,19.071
10,10/5/2000,21:34,14,18.929
11,10/5/2000,21:29,14,19
12,10/5/2000,21:24,14,20.286
1,10/5/2000,21:19,14,19.143
2,10/5/2000,21:14,14,19.143
3,10/5/2000,21:09,14,21.571
4,10/5/2000,21:04,14,21.357
5,10/5/2000,20:59,14,20.643
6,10/5/2000,22:54,14,18.357
7,10/5/2000,22:49,14,18
8,10/5/2000,22:44,14,17.714
9,10/5/2000,22:39,14,16.929
10,10/5/2000,22:34,14,19.429
11,10/5/2000,22:29,14,18.143
12,10/5/2000,22:24,14,17.5
1,10/5/2000,22:19,14,16.929
2,10/5/2000,22:14,14,17.786
3,10/5/2000,22:09,14,18.286
4,10/5/2000,22:04,14,19.643
5,10/5/2000,21:59,14,20.5
6,10/7/2000,4:47,14,4.857
7,10/7/2000,4:42,14,5.071
8,10/7/2000,4:37,14,4.5
9,10/7/2000,4:32,14,4.143
10,10/7/2000,4:27,14,5.214
11,10/7/2000,4:22,14,5.5
12,10/7/2000,4:17,14,5.357
1,10/7/2000,4:12,14,4.929
2,10/7/2000,4:07,14,4.5
3,10/7/2000,4:02,14,4.357
4,10/7/2000,3:57,14,6.071
5,10/7/2000,3:52,14,5.357
6,10/7/2000,4:47,14,4.857
7,10/7/2000,4:42,14,5.071
8,10/7/2000,4:37,14,4.5
9,10/7/2000,4:32,14,4.143
10,10/7/2000,4:27,14,5.214
11,10/7/2000,4:22,14,5.5
12,10/7/2000,4:17,14,5.357
1,10/7/2000,4:12,14,4.929
2,10/7/2000,4:07,14,4.5
3,10/7/2000,4:02,14,4.357
4,10/7/2000,3:57,14,6.071
5,10/7/2000,3:52,14,5.357
6,10/7/2000,4:47,14,4.857
7,10/7/2000,4:42,14,5.071
8,10/7/2000,4:37,14,4.5
9,10/7/2000,4:32,14,4.143
10,10/7/2000,4:27,14,5.214
11,10/7/2000,4:22,14,5.5
12,10/7/2000,4:17,14,5.357
1,10/7/2000,4:12,14,4.929
2,10/7/2000,4:07,14,4.5
3,10/7/2000,4:02,14,4.357
4,10/7/2000,3:57,14,6.071
5,10/7/2000,3:52,14,5.357
6,10/7/2000,4:47,14,4.857
7,10/7/2000,4:42,14,5.071
8,10/7/2000,4:37,14,4.5
9,10/7/2000,4:32,14,4.143
10,10/7/2000,4:27,14,5.214
11,10/7/2000,4:22,14,5.5
12,10/7/2000,4:17,14,5.357
1,10/7/2000,4:12,14,4.929
2,10/7/2000,4:07,14,4.5
3,10/7/2000,4:02,14,4.357
4,10/7/2000,3:57,14,6.071
5,10/7/2000,3:52,14,5.357
6,10/7/2000,4:47,14,4.857
7,10/7/2000,4:42,14,5.071
8,10/7/2000,4:37,14,4.5
9,10/7/2000,4:32,14,4.143
10,10/7/2000,4:27,14,5.214
11,10/7/2000,4:22,14,5.5
12,10/7/2000,4:17,14,5.357
1,10/7/2000,4:12,14,4.929
2,10/7/2000,4:07,14,4.5
3,10/7/2000,4:02,14,4.357
4,10/7/2000,3:57,14,6.071
5,10/7/2000,3:52,14,5.357
6,10/7/2000,4:47,14,4.857
7,10/7/2000,4:42,14,5.071
8,10/7/2000,4:37,14,4.5
9,10/7/2000,4:32,14,4.143
10,10/7/2000,4:27,14,5.214
11,10/7/2000,4:22,14,5.5
12,10/7/2000,4:17,14,5.357
1,10/7/2000,4:12,14,4.929
2,10/7/2000,4:07,14,4.5
3,10/7/2000,4:02,14,4.357
4,10/7/2000,3:57,14,6.071
5,10/7/2000,3:52,14,5.357
6,10/7/2000,4:47,14,4.857
7,10/7/2000,4:42,14,5.071
8,10/7/2000,4:37,14,4.5
9,10/7/2000,4:32,14,4.143
10,10/7/2000,4:27,14,5.214
11,10/7/2000,4:22,14,5.5
12,10/7/2000,4:17,14,5.357
1,10/7/2000,4:12,14,4.929
2,10/7/2000,4:07,14,4.5
3,10/7/2000,4:02,14,4.357
4,10/7/2000,3:57,14,6.071
5,10/7/2000,3:52,14,5.357
6,10/7/2000,4:47,14,4.857
7,10/7/2000,4:42,14,5.071
8,10/7/2000,4:37,14,4.5
9,10/7/2000,4:32,14,4.143
10,10/7/2000,4:27,14,5.214
11,10/7/2000,4:22,14,5.5
12,10/7/2000,4:17,14,5.357
1,10/7/2000,4:12,14,4.929
2,10/7/2000,4:07,14,4.5
3,10/7/2000,4:02,14,4.357
4,10/7/2000,3:57,14,6.071
5,10/7/2000,3:52,14,5.357
6,10/7/2000,4:47,14,4.857
7,10/7/2000,4:42,14,5.071
8,10/7/2000,4:37,14,4.5
9,10/7/2000,4:32,14,4.143
10,10/7/2000,4:27,14,5.214
11,10/7/2000,4:22,14,5.5
12,10/7/2000,4:17,14,5.357
1,10/7/2000,4:12,14,4.929
2,10/7/2000,4:07,14,4.5
3,10/7/2000,4:02,14,4.357
4,10/7/2000,3:57,14,6.071
5,10/7/2000,3:52,14,5.357
6,10/7/2000,4:47,14,4.857
7,10/7/2000,4:42,14,5.071
8,10/7/2000,4:37,14,4.5
9,10/7/2000,4:32,14,4.143
10,10/7/2000,4:27,14,5.214
11,10/7/2000,4:22,14,5.5
12,10/7/2000,4:17,14,5.357
1,10/7/2000,4:12,14,4.929
2,10/7/2000,4:07,14,4.5
3,10/7/2000,4:02,14,4.357
4,10/7/2000,3:57,14,6.071
5,10/7/2000,3:52,14,5.357
6,10/7/2000,4:47,14,4.857
7,10/7/2000,4:42,14,5.071
8,10/7/2000,4:37,14,4.5
9,10/7/2000,4:32,14,4.143
10,10/7/2000,4:27,14,5.214
11,10/7/2000,4:22,14,5.5
12,10/7/2000,4:17,14,5.357
1,10/7/2000,4:12,14,4.929
2,10/7/2000,4:07,14,4.5
3,10/7/2000,4:02,14,4.357
4,10/7/2000,3:57,14,6.071
5,10/7/2000,3:52,14,5.357
6,10/7/2000,4:47,14,4.857
7,10/7/2000,4:42,14,5.071
8,10/7/2000,4:37,14,4.5
9,10/7/2000,4:32,14,4.143
10,10/7/2000,4:27,14,5.214
11,10/7/2000,4:22,14,5.5
12,10/7/2000,4:17,14,5.357
1,10/7/2000,4:12,14,4.929
2,10/7/2000,4:07,14,4.5
3,10/7/2000,4:02,14,4.357
4,10/7/2000,3:57,14,6.071
5,10/7/2000,3:52,14,5.357
6,10/9/2000,18:55,14,14
7,10/9/2000,18:50,14,11
8,10/9/2000,18:45,14,12.929
9,10/9/2000,18:40,14,16.643
10,10/9/2000,18:35,14,12.357
11,10/9/2000,18:30,14,10.929
12,10/9/2000,18:25,14,8.857
1,10/9/2000,18:05,14,10.571
2,10/9/2000,18:00,14,14.286
3,10/7/2000,4:47,14,4.857
4,10/7/2000,4:42,14,5.071
5,10/7/2000,4:37,14,4.5
6,10/9/2000,19:56,14,13.214
7,10/9/2000,19:51,14,12.643
8,10/9/2000,19:46,14,18.143
9,10/9/2000,19:41,14,13.357
10,10/9/2000,19:36,14,14.214
11,10/9/2000,19:31,14,18
12,10/9/2000,19:26,14,17.929
1,10/9/2000,19:21,14,16.071
2,10/9/2000,19:16,14,16.357
3,10/9/2000,19:11,14,16.071
4,10/9/2000,19:06,14,13.429
5,10/9/2000,19:00,14,14.143
6,10/9/2000,20:56,14,21
7,10/9/2000,20:51,14,21.643
8,10/9/2000,20:46,14,20.143
9,10/9/2000,20:41,14,22.071
10,10/9/2000,20:36,14,20.071
11,10/9/2000,20:31,14,16
12,10/9/2000,20:26,14,12.5
1,10/9/2000,20:21,14,16.357
2,10/9/2000,20:16,14,18.929
3,10/9/2000,20:11,14,16.786
4,10/9/2000,20:06,14,17.429
5,10/9/2000,20:01,14,14.714
6,10/9/2000,21:57,14,24.429
7,10/9/2000,21:52,14,22.5
8,10/9/2000,21:47,14,22.5
9,10/9/2000,21:42,14,30.214
10,10/9/2000,21:37,5,34
11,10/9/2000,22:57,14,26.143
12,10/9/2000,22:52,14,23.214
1,10/9/2000,22:47,14,25.143
2,10/9/2000,22:42,14,25.643
3,10/9/2000,22:37,14,26.857
4,10/9/2000,22:32,14,23.5
5,10/9/2000,22:27,14,29.357
6,10/9/2000,22:22,14,28.071
7,10/9/2000,22:17,14,33.571
8,10/9/2000,22:12,14,29.5
9,10/9/2000,22:07,14,20.643
10,10/9/2000,22:02,14,24.071
11,10/10/2000,0:58,14,27.857
12,10/10/2000,0:53,14,25.5
1,10/10/2000,0:48,14,28.214
2,10/10/2000,0:43,14,28.214
3,10/10/2000,0:38,14,28.286
4,10/10/2000,0:33,14,25.071
5,10/10/2000,0:28,14,19.786
1,10/10/2000,0:23,14,21.714
2,10/10/2000,0:18,14,28.929
3,10/10/2000,0:13,14,25.714
4,10/10/2000,0:08,14,25.286
5,10/10/2000,0:03,14,29.143
6,10/10/2000,2:54,14,32.071
7,10/10/2000,2:49,14,30.071
8,10/10/2000,2:44,14,28.429
9,10/10/2000,2:39,14,34.429
10,10/10/2000,2:34,14,29
11,10/10/2000,2:29,14,34.929
12,10/10/2000,2:24,14,32.714
1,10/10/2000,2:19,14,32.643
2,10/10/2000,2:13,14,33.429
3,10/10/2000,2:08,14,34.071
4,10/10/2000,2:03,14,29.643
5,10/10/2000,1:58,14,34.5
6,10/10/2000,3:54,14,28
7,10/10/2000,3:49,14,26.429
8,10/10/2000,3:44,14,22.429
9,10/10/2000,3:39,14,22.5
10,10/10/2000,3:34,14,29.714
11,10/10/2000,3:29,14,25.857
12,10/10/2000,3:24,14,23.857
1,10/10/2000,3:19,14,24.429
2,10/10/2000,3:14,14,25.786
3,10/10/2000,3:09,14,24.857
4,10/10/2000,3:04,14,29.286
5,10/10/2000,2:59,14,32.357
6,10/10/2000,4:55,14,24.786
7,10/10/2000,4:50,14,25.071
8,10/10/2000,4:45,14,27.357
9,10/10/2000,4:39,14,23.643
10,10/10/2000,4:34,14,23.214
11,10/10/2000,4:29,14,17.571
12,10/10/2000,4:24,14,23.857
1,10/10/2000,4:19,14,24.571
2,10/10/2000,4:14,14,25.714
3,10/10/2000,4:09,14,27.643
4,10/10/2000,4:04,14,24.786
5,10/10/2000,3:59,14,26.5
6,10/10/2000,5:55,14,24.786
7,10/10/2000,5:50,14,28.786
8,10/10/2000,5:45,14,20.429
9,10/10/2000,5:40,14,28.5
10,10/10/2000,5:35,14,24.429
11,10/10/2000,5:30,14,26.071
12,10/10/2000,5:25,14,25.643
1,10/10/2000,5:20,14,20.071
2,10/10/2000,5:15,14,26.643
3,10/10/2000,5:10,14,20.429
4,10/10/2000,5:05,14,28.071
5,10/10/2000,5:00,14,27.5
6,10/10/2000,7:56,14,16.571
7,10/10/2000,7:51,14,18.429
8,10/10/2000,7:46,14,21.357
9,10/10/2000,7:41,14,20.357
10,10/10/2000,7:36,14,26.786
11,10/10/2000,7:31,14,22.214
12,10/10/2000,7:26,14,25.714
1,10/10/2000,7:21,14,21.5
2,10/10/2000,7:16,14,28.786
3,10/10/2000,7:11,14,16.214
4,10/10/2000,7:06,14,13.571
5,10/10/2000,7:00,14,14.643
6,10/10/2000,8:56,14,31.286
7,10/10/2000,8:51,14,29.429
8,10/10/2000,8:46,14,25.5
9,10/10/2000,8:41,14,29
10,10/10/2000,8:36,14,29.429
11,10/10/2000,8:31,14,32.786
12,10/10/2000,8:26,14,26.071
1,10/10/2000,8:21,14,33.071
2,10/10/2000,8:16,14,31.643
3,10/10/2000,8:11,14,23.214
4,10/10/2000,8:06,14,24.857
5,10/10/2000,8:01,14,19.143
6,10/10/2000,10:57,14,27.786
7,10/10/2000,10:52,14,28.5
8,10/10/2000,10:47,14,26.071
9,10/10/2000,10:42,14,29.643
10,10/10/2000,10:37,14,28.286
11,10/10/2000,10:32,14,27.5
12,10/10/2000,10:27,14,30.357
1,10/10/2000,10:22,14,27.643
2,10/10/2000,10:17,14,26.071
3,10/10/2000,10:12,14,24.357
4,10/10/2000,10:07,14,28.857
5,10/10/2000,10:02,14,25.286
6,10/10/2000,11:58,14,25.357
7,10/10/2000,11:52,14,20.786
8,10/10/2000,11:47,14,19.857
9,10/10/2000,11:42,14,15.857
10,10/10/2000,11:37,14,20.857
11,10/10/2000,11:32,14,20.214
12,10/10/2000,11:27,14,20.429
1,10/10/2000,11:22,14,16.214
2,10/10/2000,11:17,14,17.929
3,10/10/2000,11:12,14,23
4,10/10/2000,11:07,14,26.857
5,10/10/2000,11:02,14,28.857
6,10/10/2000,12:53,14,24
7,10/10/2000,12:48,14,22.929
8,10/10/2000,12:43,14,22.643
9,10/10/2000,12:38,14,22.143
10,10/10/2000,12:33,14,25.5
11,10/10/2000,12:28,14,23.5
12,10/10/2000,12:23,14,21.643
1,10/10/2000,12:18,14,19.214
2,10/10/2000,12:13,14,22.071
3,10/10/2000,12:08,14,23.429
4,10/10/2000,12:03,14,23.714
5,10/10/2000,11:58,14,25.357
6,10/10/2000,13:53,14,19.357
7,10/10/2000,13:48,14,21.143
8,10/10/2000,13:43,14,27.143
9,10/10/2000,13:38,14,21.071
10,10/10/2000,13:33,14,17
11,10/10/2000,13:28,14,16.214
12,10/10/2000,13:23,14,16.929
1,10/10/2000,13:18,14,20.214
2,10/10/2000,13:13,14,22
3,10/10/2000,13:08,14,17.571
4,10/10/2000,13:03,14,19.786
5,10/10/2000,12:58,14,18.857
6,10/10/2000,14:54,14,15.429
7,10/10/2000,14:49,14,21.5
8,10/10/2000,14:44,14,10.571
9,10/10/2000,14:39,14,20.714
10,10/10/2000,14:34,14,27.929
11,10/10/2000,14:29,14,23.357
12,10/10/2000,14:24,14,20.929
1,10/10/2000,14:19,14,24
2,10/10/2000,14:13,14,21.429
3,10/10/2000,14:08,14,22
4,10/10/2000,14:03,14,21.857
5,10/10/2000,13:58,14,19.214
6,10/10/2000,15:54,14,23.857
7,10/10/2000,15:49,14,27.929
8,10/10/2000,15:44,14,31.929
9,10/10/2000,15:39,14,30.571
10,10/10/2000,15:34,14,23.5
11,10/10/2000,15:29,14,11.643
12,10/10/2000,15:24,14,21.143
1,10/10/2000,15:19,14,17.643
2,10/10/2000,15:14,14,11.143
3,10/10/2000,15:09,14,18.214
4,10/10/2000,15:04,14,10.429
5,10/10/2000,14:59,14,12.357
6,10/10/2000,16:55,14,20.857
7,10/10/2000,16:50,14,16.857
8,10/10/2000,16:45,14,16.786
9,10/10/2000,16:39,14,22.286
10,10/10/2000,16:34,14,18.857
11,10/10/2000,16:29,14,13.571
12,10/10/2000,16:24,14,16.143
1,10/10/2000,16:19,14,21.429
2,10/10/2000,16:14,14,20.286
3,10/10/2000,16:09,14,20.571
4,10/10/2000,16:04,14,18.143
5,10/10/2000,15:59,14,22.5
6,10/10/2000,17:55,14,20.571
7,10/10/2000,17:50,14,23.5
8,10/10/2000,17:45,14,17.143
9,10/10/2000,17:40,14,20.429
10,10/10/2000,17:35,14,19.929
11,10/10/2000,17:30,14,25.143
12,10/10/2000,17:25,14,19.643
1,10/10/2000,17:20,14,13.643
2,10/10/2000,17:15,14,19.429
3,10/10/2000,17:10,14,14.571
4,10/10/2000,17:05,14,19.857
5,10/10/2000,17:00,14,21.429
6,10/10/2000,18:55,14,20.143
7,10/10/2000,18:50,14,18.929
8,10/10/2000,18:45,14,18.143
9,10/10/2000,18:40,14,21.286
10,10/10/2000,18:35,14,16.071
11,10/10/2000,18:30,14,22.071
12,10/10/2000,18:25,14,28.571
1,10/10/2000,18:20,14,19.071
2,10/10/2000,18:15,14,19.786
3,10/10/2000,18:10,14,18
4,10/10/2000,18:05,14,21.5
5,10/10/2000,18:00,14,17.5
6,10/10/2000,19:56,14,24.143
7,10/10/2000,19:51,14,24.5
8,10/10/2000,19:46,14,25.429
9,10/10/2000,19:41,14,21.214
10,10/10/2000,19:36,14,23.429
11,10/10/2000,19:31,14,26.571
12,10/10/2000,19:26,14,28.571
1,10/10/2000,19:21,14,28.571
2,10/10/2000,19:16,14,19.929
3,10/10/2000,19:11,14,19.286
4,10/10/2000,19:06,14,20.143
5,10/10/2000,19:00,14,19.143
6,10/10/2000,20:51,14,20.857
7,10/10/2000,20:46,14,31.929
8,10/10/2000,20:41,14,23.571
9,10/10/2000,20:36,14,24.286
10,10/10/2000,20:31,14,19.857
11,10/10/2000,20:26,14,21
12,10/10/2000,20:21,14,14.714
1,10/10/2000,20:16,14,14.571
2,10/10/2000,20:11,14,14.357
3,10/10/2000,20:06,14,20.714
4,10/10/2000,20:01,14,25.071
5,10/10/2000,19:56,14,24.143
6,10/10/2000,21:52,14,14.643
7,10/10/2000,21:47,14,15.143
8,10/10/2000,21:42,14,15.5
9,10/10/2000,21:37,14,19.929
10,10/10/2000,21:32,14,22.286
11,10/10/2000,21:26,14,13.857
12,10/10/2000,21:21,14,14.357
1,10/10/2000,21:16,14,10.357
2,10/10/2000,21:11,14,15.929
3,10/10/2000,21:06,14,15.214
4,10/10/2000,21:01,14,17.429
5,10/10/2000,20:56,14,13.5
6,10/10/2000,22:52,14,18.571
7,10/10/2000,22:47,14,20.571
8,10/10/2000,22:42,14,20
9,10/10/2000,22:37,14,17.857
10,10/10/2000,22:27,14,17.357
11,10/10/2000,22:22,14,18.429
12,10/10/2000,22:17,14,14.357
1,10/10/2000,22:12,14,14.214
2,10/10/2000,22:07,14,14.429
3,10/10/2000,22:02,14,16.571
4,10/10/2000,21:57,14,18.5
5,10/10/2000,21:52,14,14.643
6,10/10/2000,23:52,14,16
7,10/10/2000,23:47,14,17.357
8,10/10/2000,23:42,14,16.143
9,10/10/2000,23:37,14,14.786
10,10/10/2000,23:32,14,17.143
11,10/10/2000,23:27,14,15.786
12,10/10/2000,23:22,14,15.857
1,10/10/2000,23:17,14,12.929
2,10/10/2000,23:12,14,18
3,10/10/2000,23:07,14,17.643
4,10/10/2000,23:02,14,14.857
5,10/10/2000,22:57,14,19.214
6,10/11/2000,0:53,14,13.929
7,10/11/2000,0:48,14,16.929
8,10/11/2000,0:43,14,18.286
9,10/11/2000,0:38,14,17.143
10,10/11/2000,0:33,14,15
11,10/11/2000,0:28,14,15.071
12,10/11/2000,0:23,14,17.929
1,10/11/2000,0:18,14,16.571
2,10/11/2000,0:13,14,14.5
3,10/11/2000,0:08,14,14.286
4,10/11/2000,0:03,14,18.643
5,10/10/2000,23:58,14,24.357
6,10/11/2000,1:53,14,22
7,10/11/2000,1:48,14,24.286
8,10/11/2000,1:43,14,22.071
9,10/11/2000,1:38,14,19
10,10/11/2000,1:33,14,21.714
11,10/11/2000,1:28,14,15.714
12,10/11/2000,1:23,14,14.143
1,10/11/2000,1:18,14,14.5
2,10/11/2000,1:13,14,16.143
3,10/11/2000,1:08,14,13.571
4,10/11/2000,1:03,14,13
5,10/11/2000,0:58,14,12.714
6,10/11/2000,2:54,14,12.929
7,10/11/2000,2:49,14,13.214
8,10/11/2000,2:44,14,12.5
9,10/11/2000,2:39,14,14.429
10,10/11/2000,2:34,14,14.857
11,10/11/2000,2:29,14,16.786
12,10/11/2000,2:24,14,15.214
1,10/11/2000,2:19,14,17.214
2,10/11/2000,2:13,14,18.929
3,10/11/2000,2:08,14,22.643
4,10/11/2000,2:03,14,22.286
5,10/11/2000,1:58,14,24.643
6,2/28/2002,5:01,14,15
7,2/28/2002,6:04,14,16.214
8,2/28/2002,7:05,14,14
9,2/28/2002,9:03,14,8.643
10,2/28/2002,10:03,14,12.714
11,2/28/2002,11:04,14,13.571
12,2/28/2002,12:04,14,15.071
1,2/28/2002,13:00,14,21.143
2,2/28/2002,14:05,14,14
3,2/28/2002,15:05,14,15.929
4,2/28/2002,17:01,14,15.429
5,2/28/2002,18:02,14,11.071
6,2/28/2002,19:02,14,22.571
7,2/28/2002,20:02,14,21.714
8,2/28/2002,21:03,14,21
9,2/28/2002,22:03,14,15.857
10,2/28/2002,23:04,14,12.714
11,3/1/2002,1:05,14,19.143
12,3/1/2002,2:05,14,13.214
1,3/1/2002,3:00,14,14.643
1,3/1/2002,4:01,14,7.714
1,4/4/2002,5:01,14,6.714
1,4/4/2002,6:01,14,8.143
1,4/4/2002,7:02,14,6.714
1,4/4/2002,8:08,14,4.571
1,4/4/2002,9:04,14,8.071
1,4/4/2002,10:04,14,7.286
1,4/4/2002,11:05,14,5.429
1,4/4/2002,13:04,14,8.857
1,4/4/2002,14:05,14,12
1,4/4/2002,15:00,14,10.714
1,4/4/2002,16:01,14,6.357
1,4/4/2002,17:01,14,14.357
1,4/4/2002,18:06,14,10
1,4/4/2002,19:03,14,7.857
1,4/4/2002,20:04,14,7.5
1,4/4/2002,20:59,14,11.571
1,4/4/2002,22:00,14,7.286
1,4/4/2002,23:00,14,5.714
1,4/5/2002,0:00,14,14.286
1,4/5/2002,1:01,14,12.071
1,4/5/2002,3:03,14,10.071
1,4/5/2002,4:03,14,9.286
1,5/30/2002,4:06,14,7.143
1,5/30/2002,5:07,14,5.357
1,5/30/2002,6:07,14,4.286
1,5/30/2002,7:08,14,5.714
1,5/30/2002,8:03,14,5.857
1,5/30/2002,9:03,14,7.143
1,5/30/2002,10:04,14,5.357
1,5/30/2002,12:05,14,6.286
1,5/30/2002,13:05,14,5.286
1,5/30/2002,14:06,14,4.571
1,5/30/2002,15:06,14,7.286
1,5/30/2002,16:06,14,8.214
1,5/30/2002,17:02,14,5.357
1,5/30/2002,18:02,14,7.357
1,5/30/2002,20:03,14,7
1,5/30/2002,21:03,14,7.286
1,5/30/2002,22:08,14,5.643
1,5/30/2002,23:08,14,8.071
1,5/31/2002,0:04,14,8.286
1,5/31/2002,1:04,14,12.714
1,5/31/2002,2:05,14,30.5
1,5/31/2002,3:05,14,17.571
1,5/31/2002,4:06,14,8.286
1,5/31/2002,5:04,14,8.571
1,5/31/2002,7:04,14,7.643
1,5/31/2002,8:05,14,8.857
1,5/31/2002,9:05,14,11.286
1,5/31/2002,10:06,14,7.571
1,5/31/2002,11:06,14,8.143
1,5/31/2002,12:06,14,5.786
1,5/31/2002,13:07,14,5.429
1,5/31/2002,13:32,14,9.071
1,5/31/2002,15:08,14,3.857
1,5/31/2002,16:09,14,17.857
1,5/31/2002,18:05,14,29.571
1,5/31/2002,19:06,14,17.071
1,5/31/2002,19:30,14,14.571
1,5/31/2002,19:30,14,14.571
1,5/31/2002,19:30,14,14.571
1,5/31/2002,19:30,14,14.571
1,5/31/2002,19:30,14,14.571
1,5/31/2002,19:30,14,14.571
1,5/31/2002,19:30,14,14.571
1,6/3/2002,4:07,14,8.786
1,6/3/2002,4:39,14,9.857
1,6/3/2002,4:39,14,9.857
1,6/3/2002,4:39,14,9.857
1,6/3/2002,4:39,14,9.857
1,6/3/2002,4:39,14,9.857
1,6/3/2002,4:39,14,9.857
1,6/3/2002,4:39,14,9.857
1,6/3/2002,4:39,14,9.857
1,6/3/2002,13:57,14,9.429
1,6/3/2002,15:04,14,9.286
1,6/3/2002,16:05,14,7
1,6/3/2002,17:05,14,13.071
1,6/3/2002,19:06,14,9.643
1,6/3/2002,20:06,14,10.071
1,6/3/2002,21:07,14,9.214
1,6/3/2002,22:07,14,8.571
1,6/3/2002,23:08,14,11.714
1,6/4/2002,0:08,14,8.786
1,6/4/2002,1:08,14,9.143
1,6/4/2002,2:04,14,13
1,6/4/2002,3:04,14,11
1,10/1/2002,18:50,14,4.071
1,10/1/2002,18:50,14,4.071
1,10/1/2002,18:50,14,4.071
1,10/1/2002,18:50,14,4.071
1,10/1/2002,18:50,14,4.071
1,10/1/2002,18:50,14,4.071
1,10/1/2002,18:50,14,4.071
1,10/1/2002,18:50,14,4.071
1,10/2/2002,13:01,14,8.143
1,10/2/2002,14:01,14,5.929
1,10/2/2002,15:01,14,6.643
1,10/2/2002,15:47,14,7.5
1,10/2/2002,16:17,14,9.357
1,10/2/2002,16:17,14,9.357
1,10/2/2002,20:02,14,6.143
1,10/2/2002,21:02,14,8.214
1,10/2/2002,21:37,14,7.786
1,10/2/2002,21:37,14,7.786
1,10/2/2002,21:37,14,7.786
1,10/2/2002,21:37,14,7.786
1,10/2/2002,21:37,14,7.786
1,10/2/2002,21:37,14,7.786
1,11/11/2002,5:04,14,7.214
1,11/11/2002,6:04,14,6
1,11/11/2002,7:04,14,6.286
1,11/11/2002,8:05,14,7.786
1,11/11/2002,9:00,14,6.857
1,11/11/2002,10:01,14,5.5
1,11/11/2002,11:01,14,5.571
1,11/11/2002,12:01,14,4.357
1,11/11/2002,13:02,14,4.071
1,11/11/2002,14:07,14,5.286
1,11/11/2002,15:08,14,4.429
1,11/11/2002,16:08,14,5.071
1,11/11/2002,17:09,14,4.857
1,11/11/2002,18:04,14,4.214
1,11/11/2002,19:04,14,5.857
1,11/11/2002,20:05,14,7.357
1,11/11/2002,21:05,14,6.143
1,11/11/2002,22:06,14,8.929
1,11/11/2002,23:06,14,5.786
1,11/12/2002,0:06,14,9.571
1,11/12/2002,1:07,14,8.214
1,11/12/2002,2:07,14,9.143
1,11/12/2002,3:08,14,9.071
1,11/22/2002,2:23,14,16
1,11/22/2002,2:23,14,16
1,11/22/2002,2:23,14,16
1,11/22/2002,2:23,14,16
1,11/22/2002,2:23,14,16
1,11/22/2002,2:23,14,16
1,11/22/2002,2:23,14,16
1,11/22/2002,2:23,14,16
1,11/22/2002,2:23,14,16
1,11/22/2002,2:23,14,16
1,11/22/2002,2:23,14,16
1,11/22/2002,17:07,14,13.214
1,11/22/2002,18:07,14,13.071
1,11/22/2002,19:03,14,9.071
1,11/22/2002,20:03,14,13.214
1,11/22/2002,22:04,14,8.357
1,11/22/2002,23:04,14,10.429
1,11/23/2002,0:05,14,12.071
1,11/23/2002,1:05,14,8.643
1,11/23/2002,2:05,14,16.357
1,11/23/2002,3:01,14,13.786
1,11/23/2002,4:01,14,12.643
1,2/1/2003,5:06,14,7
1,2/1/2003,6:06,14,8.5
1,2/1/2003,7:01,14,10.214
1,2/1/2003,8:02,14,10.5
1,2/1/2003,9:02,14,7.143
1,2/1/2003,10:03,14,21.071
1,2/1/2003,12:04,14,8.286
1,2/1/2003,13:05,14,11.643
1,2/1/2003,14:05,14,18
1,2/1/2003,15:06,14,19.286
1,2/1/2003,17:07,14,20.071
1,2/1/2003,17:32,14,26.786
1,2/1/2003,17:32,14,26.786
1,2/1/2003,17:32,14,26.786
1,2/1/2003,17:32,14,26.786
1,2/1/2003,17:32,14,26.786
1,2/1/2003,17:32,14,26.786
1,2/1/2003,17:32,14,26.786
1,2/1/2003,17:32,14,26.786
1,2/1/2003,17:32,14,26.786
1,2/1/2003,17:32,14,26.786
1,7/13/2005,4:00,10,4.2
1,7/13/2005,5:00,10,3.6
1,7/13/2005,7:00,10,4.5
1,7/13/2005,8:00,10,3
1,7/13/2005,9:00,10,3.4
1,7/13/2005,10:00,10,2.6
1,7/13/2005,11:00,10,3.8
1,7/13/2005,12:00,10,3.2
1,7/13/2005,13:00,10,2.3
1,7/13/2005,14:00,10,3.7
1,7/13/2005,15:00,10,5.6
1,7/13/2005,15:09,10,9.4
1,7/13/2005,17:00,10,14.7
1,7/13/2005,17:51,10,16.5
1,7/13/2005,19:01,10,17.4
1,7/13/2005,20:00,10,8.2
1,7/13/2005,21:00,10,8.2
1,7/13/2005,22:00,10,17.9
1,7/13/2005,23:00,10,10.3
1,7/14/2005,0:00,10,14.6
1,7/14/2005,1:00,10,16.4
1,7/14/2005,2:00,10,8.9
1,7/14/2005,3:00,10,5.8
1,8/25/2006,19:30,4,4.25
1,8/25/2006,19:30,4,4.25
1,8/25/2006,19:30,4,4.25
1,8/25/2006,19:30,4,4.25
1,8/25/2006,19:30,4,4.25
1,8/25/2006,19:30,4,4.25
1,8/25/2006,19:30,4,4.25
1,8/25/2006,22:07,10,6.9
1,8/25/2006,22:07,10,6.9
1,8/25/2006,22:07,10,6.9
1,8/25/2006,22:07,10,6.9
1,8/26/2006,17:00,10,4.3
1,8/26/2006,18:03,10,5.2
1,8/26/2006,18:09,10,8.1
1,8/26/2006,18:09,10,8.1
1,8/26/2006,21:30,10,12.1
1,8/26/2006,21:30,10,12.1
1,8/26/2006,21:30,10,12.1
1,8/26/2006,21:30,10,12.1
1,8/26/2006,21:30,10,12.1
1,8/26/2006,21:30,10,12.1
1,8/26/2006,21:30,10,12.1
1,8/26/2006,21:30,10,12.1
1,8/26/2006,21:30,10,12.1
1,8/26/2006,21:30,10,12.1
1,8/26/2006,21:30,10,12.1
1,8/26/2006,21:30,10,12.1
1,8/26/2006,21:30,10,12.1
1,8/26/2006,21:30,10,12.1
1,8/26/2006,21:30,10,12.1
1,8/26/2006,21:30,10,12.1
1,8/26/2006,21:30,10,12.1
1,8/26/2006,21:30,10,12.1
1,8/26/2006,21:30,10,12.1
1,8/27/2006,20:03,10,4.7
1,8/27/2006,21:04,10,5.3
1,8/27/2006,22:03,10,6.1
1,8/27/2006,23:03,10,5.5
1,8/28/2006,1:03,10,4.5
1,8/28/2006,2:04,10,4.2
1,9/7/2006,0:22,10,7.5
1,9/7/2006,1:18,10,5.2
1,9/7/2006,2:19,10,7.2
1,9/7/2006,3:18,10,3.7
1,9/8/2006,4:22,10,5.3
1,9/8/2006,5:21,10,8.8
1,9/8/2006,6:22,10,13.9
1,9/8/2006,7:21,10,9.6
1,9/8/2006,8:21,10,6.5
1,9/8/2006,9:22,10,7.9
1,9/8/2006,10:15,10,7.3
1,9/8/2006,11:22,10,6.4
1,9/8/2006,12:21,10,6.2
1,9/8/2006,13:22,10,5.8
1,9/8/2006,15:25,10,8.3
1,9/8/2006,16:21,10,4.4
1,9/8/2006,17:22,10,4.5
1,9/8/2006,18:24,10,5.2
1,9/8/2006,19:21,10,7.9
1,9/8/2006,20:22,10,3.8
1,9/8/2006,21:21,10,5.5
1,9/8/2006,22:21,10,7.3
1,9/8/2006,23:22,10,7.2
1,9/9/2006,0:21,10,10.5
1,9/9/2006,1:22,10,8.6
1,9/9/2006,2:21,10,9.3
1,9/9/2006,3:25,10,9.8
1,12/6/2006,23:06,10,20.4
1,12/6/2006,23:06,10,20.4
1,12/6/2006,23:06,10,20.4
1,12/6/2006,23:06,10,20.4
1,12/6/2006,23:06,10,20.4
1,12/6/2006,23:06,10,20.4
1,12/6/2006,23:06,10,20.4
1,12/6/2006,23:06,10,20.4
1,12/7/2006,13:00,10,8.4
1,12/7/2006,14:00,10,8.6
1,12/7/2006,15:00,10,14.9
1,12/7/2006,15:10,10,10.9
1,12/7/2006,17:00,10,8.9
1,12/7/2006,19:00,10,4.8
1,12/7/2006,20:00,10,6
1,12/7/2006,21:00,10,9.7
1,12/7/2006,21:55,10,7.8
1,12/7/2006,22:36,10,12.7
1,12/8/2006,0:00,10,16.6
1,12/8/2006,1:00,10,13.9
1,12/8/2006,2:00,10,8.6
1,12/8/2006,4:00,10,14
1,3/16/2007,4:00,10,7
1,3/16/2007,5:00,10,5
1,3/16/2007,6:00,10,5.8
1,3/16/2007,7:00,10,3.3
1,3/16/2007,8:00,10,7.4
1,3/16/2007,9:00,10,23.6
1,3/16/2007,10:00,10,4.6
1,3/16/2007,11:00,10,6.3
1,3/16/2007,12:00,10,7.7
1,3/16/2007,14:00,10,5.8
1,3/16/2007,15:00,10,4.6
1,3/16/2007,16:00,10,7.1
1,3/16/2007,17:00,10,7.3
1,3/16/2007,18:00,10,3.3
1,3/16/2007,20:48,10,11.3
1,3/16/2007,21:00,10,7.8
1,3/16/2007,22:00,10,7.1
1,3/16/2007,23:00,10,12.9
1,3/17/2007,0:00,10,8.1
1,3/17/2007,2:00,10,8.1
1,3/17/2007,3:00,10,7.9
1,8/7/2007,4:01,10,8
1,8/7/2007,4:55,10,3.8
1,8/7/2007,6:00,10,7.1
1,8/7/2007,7:00,10,6
1,8/7/2007,8:00,10,3.9
1,8/7/2007,10:00,10,3.1
1,8/7/2007,11:00,10,4.6
1,8/7/2007,12:00,10,5.8
1,8/7/2007,13:00,10,6
1,8/7/2007,13:51,10,6.2
1,8/7/2007,13:51,10,6.2
1,8/7/2007,17:00,10,37.9
1,8/7/2007,17:03,10,32.3
1,8/7/2007,19:00,10,4.3
1,8/7/2007,20:00,10,5.7
1,8/7/2007,21:48,10,10.5
1,8/7/2007,22:00,10,7.2
1,8/7/2007,23:00,10,7
1,8/8/2007,0:00,10,10.6
1,8/8/2007,2:00,10,2.8
1,8/8/2007,3:00,10,4.6
1,10/20/2007,3:55,10,3.4
1,10/20/2007,5:00,10,5.7
1,10/20/2007,6:00,10,7.2
1,10/20/2007,7:00,10,6.6
1,10/20/2007,8:00,10,6.4
1,10/20/2007,9:00,10,8.4
1,10/20/2007,10:00,10,7.9
1,10/20/2007,11:00,10,9.7
1,10/20/2007,12:00,10,6.2
1,10/20/2007,13:00,10,11
1,10/20/2007,15:00,10,5.9
1,10/20/2007,16:00,10,7.5
1,10/20/2007,17:00,10,8.7
1,10/20/2007,18:00,10,5.2
1,10/20/2007,19:00,10,5.2
1,10/20/2007,20:00,10,5.3
1,10/20/2007,20:57,10,6.3
1,10/20/2007,22:00,10,5.7
1,10/20/2007,23:00,10,4.6
1,10/21/2007,0:00,10,4.2
1,10/21/2007,1:00,10,5.8
1,10/21/2007,2:01,10,4.5
1,10/21/2007,3:00,10,8.5
1,12/6/2007,4:55,10,4.5
1,12/6/2007,5:55,10,6.8
1,12/6/2007,6:57,10,4.8
1,12/6/2007,7:54,10,4.8
1,12/6/2007,8:55,10,4.4
1,12/6/2007,9:55,10,4.2
1,12/6/2007,11:00,10,3.5
1,12/6/2007,12:54,10,4.6
1,12/6/2007,13:55,10,5.8
1,12/6/2007,15:00,10,6.3
1,12/6/2007,15:55,10,5.3
1,12/6/2007,17:00,10,4.8
1,12/6/2007,18:00,10,5.6
1,12/6/2007,19:00,10,6.8
1,12/6/2007,19:55,10,9.3
1,12/6/2007,20:57,10,9.3
1,12/6/2007,22:00,10,8.5
1,12/6/2007,23:00,10,11.6
1,12/7/2007,0:57,10,15.6
1,12/7/2007,2:00,10,16.9
1,12/7/2007,3:00,10,16.6
1,12/7/2007,3:55,10,14.8
1,12/10/2007,0:01,10,3.5
1,12/10/2007,1:00,10,4.6
1,12/10/2007,2:00,10,4.1
1,12/10/2007,3:00,10,3.5
1,12/10/2007,3:55,10,2.4
1,2/14/2008,4:55,10,11.8
1,2/14/2008,5:55,10,10
1,2/14/2008,6:57,10,21.2
1,2/14/2008,7:54,10,12.9
1,2/14/2008,8:55,10,8.1
1,2/14/2008,9:55,10,12.9
1,2/14/2008,10:57,10,8.3
1,2/14/2008,12:00,10,5.5
1,2/14/2008,12:54,10,6.8
1,2/14/2008,13:55,10,4.6
1,2/14/2008,14:55,10,6.4
1,2/14/2008,15:57,6,146.5
1,2/14/2008,17:00,10,10.4
1,2/14/2008,18:55,10,4.5
1,2/14/2008,19:57,10,7.6
1,2/14/2008,21:00,10,4.7
1,2/14/2008,22:00,10,4.8
1,2/14/2008,22:55,10,9.9
1,2/15/2008,0:57,10,5.3
1,2/15/2008,1:54,10,5.8
1,2/15/2008,2:55,10,6.6
1,2/15/2008,3:55,10,5.1
1,5/23/2008,16:55,10,6.7
1,5/23/2008,16:55,10,6.7
1,5/23/2008,16:55,10,6.7
1,5/23/2008,16:55,10,6.7
1,5/23/2008,16:55,10,6.7
1,5/23/2008,16:55,10,6.7
1,5/23/2008,16:55,10,6.7
1,5/23/2008,16:55,10,6.7
1,5/23/2008,16:55,10,6.7
1,5/23/2008,16:55,10,6.7
1,5/23/2008,16:55,10,6.7
1,5/23/2008,16:55,10,6.7
1,5/23/2008,16:55,10,6.7
1,5/23/2008,16:55,10,6.7
1,5/23/2008,16:55,10,6.7
1,5/23/2008,16:55,10,6.7
1,5/23/2008,16:55,10,6.7
1,5/23/2008,16:55,10,6.7
1,5/23/2008,16:55,10,6.7
1,3/12/2009,1:00,10,6.2
1,3/12/2009,2:00,10,7.3
1,3/12/2009,3:00,10,6.9
1,6/17/2009,4:00,10,5.1
1,6/17/2009,5:01,10,6
1,6/17/2009,6:00,10,3.8
1,6/17/2009,7:00,10,5.8
1,6/17/2009,8:00,10,4.5
1,6/17/2009,9:00,10,10.1
1,6/17/2009,10:00,10,6.3
1,6/17/2009,11:00,10,7.6
1,6/17/2009,12:00,10,6.4
1,6/17/2009,14:00,10,5.5
1,6/17/2009,15:00,10,3.7
1,6/17/2009,16:00,10,9.2
1,6/17/2009,17:00,10,5.8
1,6/17/2009,19:00,10,8.8
1,6/17/2009,21:00,10,5.6
1,6/17/2009,22:00,10,7.3
1,6/17/2009,23:00,10,5.6
1,6/18/2009,0:00,10,5.2
1,6/18/2009,1:00,10,7.2
1,6/18/2009,3:00,10,4.6
1,7/11/2009,4:00,10,9.1
1,7/11/2009,4:57,10,4
1,7/11/2009,7:00,10,5.2
1,7/11/2009,8:00,10,5.5
1,7/11/2009,9:00,10,7.6
1,7/11/2009,10:00,10,7.1
1,7/11/2009,11:00,10,6.9
1,7/11/2009,13:00,10,6.7
1,7/11/2009,14:00,10,5.9
1,7/11/2009,15:00,10,4.6
1,7/11/2009,16:00,10,5.9
1,7/11/2009,19:00,10,6.3
1,7/11/2009,20:00,10,6.7
1,7/11/2009,21:00,10,4.8
1,7/11/2009,22:00,10,8.5
1,7/11/2009,23:00,10,7.1
1,7/14/2009,0:00,10,8.2
1,7/14/2009,1:00,10,8.8
1,7/14/2009,2:00,10,7.4
1,7/14/2009,3:00,10,5.7
1,8/27/2009,0:00,10,10.6
1,8/27/2009,2:00,10,4.4
1,8/27/2009,3:00,10,4.7
1,10/27/2009,11:00,10,6.2
1,10/27/2009,12:00,10,6
1,10/27/2009,13:03,10,7
1,10/27/2009,14:00,10,3.7
1,10/27/2009,15:00,10,5.9
1,10/27/2009,16:00,10,3.4
1,10/27/2009,17:00,10,6.4
1,10/27/2009,18:00,10,8.4
1,10/27/2009,19:00,10,8.2
1,10/27/2009,20:00,10,7.8
1,10/27/2009,21:00,10,7.4
1,10/27/2009,22:00,10,8.6
1,10/27/2009,23:00,10,6.9
1,10/28/2009,0:00,10,7
1,10/28/2009,1:00,10,7.7
1,10/28/2009,2:00,10,4.1
1,10/28/2009,3:00,10,6.4
1,2/7/2010,5:00,10,6.2
1,2/7/2010,7:00,10,6.4
1,2/7/2010,8:00,10,7.3
1,2/7/2010,10:01,10,4.8
1,2/7/2010,11:00,10,7
1,2/7/2010,13:00,10,7.4
1,2/7/2010,14:00,10,7
1,2/7/2010,15:00,10,5.5
1,2/7/2010,16:00,10,5.9
1,2/7/2010,17:00,10,6.7
1,2/7/2010,19:00,10,5.8
1,2/7/2010,20:00,10,6.4
1,2/7/2010,21:00,10,7.3
1,2/7/2010,22:00,10,9.2
1,2/7/2010,23:00,10,5.9
1,2/8/2010,0:00,10,4.7
1,2/8/2010,1:00,10,4.5
1,2/8/2010,2:00,10,4.8
1,2/8/2010,3:00,10,5.5
1,2/8/2010,4:00,10,7.5
1,11/1/2010,3:55,10,6.7
1,11/1/2010,5:00,10,4.1
1,11/1/2010,5:57,10,6.1
1,11/1/2010,6:57,10,6.5
1,11/1/2010,7:57,10,5
1,11/1/2010,8:57,10,5.3
1,11/1/2010,9:57,10,6
1,11/1/2010,10:57,10,6.1
1,11/1/2010,12:00,10,6.2
1,11/1/2010,13:00,10,6.8
1,11/1/2010,14:00,10,8.1
1,11/1/2010,14:57,10,9.9
1,11/1/2010,15:57,10,7
1,11/1/2010,16:57,10,9.1
1,11/1/2010,17:57,10,8.5
1,11/1/2010,18:57,10,10.6
1,11/1/2010,20:00,10,9.6
1,11/1/2010,20:57,10,11
1,11/1/2010,21:57,10,10.7
1,11/1/2010,22:57,10,7.6
1,11/1/2010,23:57,10,13.2
1,11/2/2010,0:57,10,15.9
1,11/2/2010,1:57,10,12.9
1,11/2/2010,2:57,10,11.3
1,11/2/2010,3:57,10,7.1
1,11/2/2010,5:00,10,6.5
1,11/2/2010,6:00,10,5.2
1,11/2/2010,6:57,10,11.4
1,11/2/2010,7:57,10,10.7
1,11/2/2010,8:57,10,11.2
1,11/2/2010,9:57,10,11.3
1,11/2/2010,10:57,10,9.3
1,11/2/2010,11:57,10,9.5
1,11/2/2010,12:57,10,11.7
1,11/2/2010,13:57,10,8
1,11/2/2010,14:57,10,11.5
1,11/2/2010,15:57,10,9.6
1,11/2/2010,16:57,10,7.7
1,11/2/2010,17:39,10,11.6
1,11/2/2010,18:55,10,8.4
1,11/2/2010,19:55,10,5.8
1,11/2/2010,20:55,10,6.9
1,11/2/2010,21:55,10,8
1,11/2/2010,22:55,10,7.4
1,11/2/2010,23:55,10,6.5
1,11/3/2010,0:55,10,6.2
1,11/3/2010,1:55,10,7.3
1,11/3/2010,2:55,10,7.2
1,11/3/2010,3:55,10,7.4
1,11/3/2010,4:55,10,7
1,11/3/2010,5:55,10,9.7
1,11/3/2010,6:55,10,5.2
1,11/3/2010,7:55,10,4.9
1,11/3/2010,8:55,10,6.9
1,11/3/2010,9:55,10,8.1
1,11/3/2010,10:57,10,5.1
1,11/3/2010,11:57,10,9
1,11/3/2010,12:57,10,6.4
1,11/3/2010,13:57,10,8.9
1,11/3/2010,14:57,10,5.3
1,11/3/2010,15:57,10,6.7
1,11/3/2010,16:57,10,7.5
1,11/3/2010,17:57,10,6.2
1,11/3/2010,18:57,10,6.4
1,11/3/2010,19:57,10,5
1,11/3/2010,20:57,10,6.2
1,11/3/2010,21:54,10,5.8
1,11/3/2010,22:54,10,5.3
1,11/3/2010,23:54,10,9.2
1,11/4/2010,0:54,10,3.9
1,11/4/2010,1:54,10,6.6
1,11/4/2010,2:54,10,5.1
1,11/4/2010,3:54,10,8.9
1,11/4/2010,4:54,10,8
1,11/4/2010,5:54,10,8
1,11/4/2010,6:54,10,8.5
1,11/4/2010,7:55,10,7
1,11/4/2010,8:55,10,10
1,11/4/2010,9:55,10,14.6
1,11/4/2010,10:55,10,21.3
1,11/4/2010,11:55,10,21.8
1,11/4/2010,12:55,10,18
1,11/4/2010,13:55,10,8.5
1,11/4/2010,14:55,10,6.3
1,11/4/2010,15:55,10,5.5
1,11/4/2010,16:55,10,7
1,11/4/2010,17:55,10,5.3
1,11/4/2010,18:55,10,6.9
1,11/4/2010,19:55,10,8.4
1,11/4/2010,21:07,10,8.9
1,11/4/2010,21:55,10,8.9
1,11/4/2010,22:55,10,8.6
1,11/4/2010,23:55,10,9.5
1,11/5/2010,0:57,10,8.5
1,11/5/2010,1:57,10,11.6
1,11/5/2010,2:57,10,13
1,11/5/2010,3:57,10,9.5
1,11/5/2010,4:54,10,8.8
1,11/5/2010,5:57,10,10.8
1,11/5/2010,6:57,10,9.2
1,11/5/2010,7:57,10,9.2
1,11/5/2010,8:54,10,6.9
1,11/5/2010,9:54,10,5.6
1,11/5/2010,10:54,10,7
1,11/5/2010,11:54,10,7.4
1,11/5/2010,12:54,10,8.4
1,11/5/2010,13:54,10,8.5
1,11/5/2010,14:54,10,9.2
1,11/5/2010,15:54,10,6.7
1,11/5/2010,16:54,10,5.4
1,11/5/2010,17:54,10,8.7
1,11/5/2010,18:54,10,8.5
1,11/5/2010,19:55,10,8.7
1,11/5/2010,20:55,10,8.3
1,11/5/2010,21:55,10,11.3
1,11/5/2010,22:55,10,10.7
1,11/5/2010,23:55,10,9.8
1,11/6/2010,0:55,10,11
1,11/6/2010,1:55,10,10.1
1,11/6/2010,2:55,10,9.6
1,2/24/2011,4:55,10,5.8
1,2/24/2011,5:55,10,4.1
1,2/24/2011,6:55,10,3.8
1,2/24/2011,7:55,10,7
1,2/24/2011,8:55,10,9.7
1,2/24/2011,9:55,10,6.4
1,2/24/2011,10:55,10,6.2
1,2/24/2011,11:55,10,7.9
1,2/24/2011,12:55,10,2.8
1,2/24/2011,13:55,10,2.5
1,2/24/2011,14:55,10,2.9
1,2/24/2011,15:55,10,4
1,2/24/2011,16:55,10,6.8
1,2/24/2011,17:55,10,7.2
1,2/24/2011,18:55,10,8.1
1,2/24/2011,19:55,10,8
1,2/24/2011,20:55,10,6.5
1,2/24/2011,21:55,10,9.8
1,2/24/2011,22:55,10,7.7
1,2/24/2011,23:55,10,15.1
1,2/25/2011,0:55,10,11.9
1,2/25/2011,1:55,10,5.6
1,2/25/2011,2:55,10,8.2
1,2/25/2011,3:55,10,8.9
1,4/29/2011,3:51,10,8.3
1,4/29/2011,4:55,10,5.9
1,4/29/2011,5:55,10,9.6
1,4/29/2011,6:55,10,6.7
1,4/29/2011,7:55,10,4.9
1,4/29/2011,8:55,10,8.9
1,4/29/2011,9:55,10,8.8
1,4/29/2011,10:51,10,7.6
1,4/29/2011,11:55,10,8.5
1,4/29/2011,12:48,10,3.5
1,4/29/2011,13:55,10,4.9
1,4/29/2011,14:52,10,6.4
1,4/29/2011,15:55,10,10.4
1,4/29/2011,16:55,10,10.2
1,4/29/2011,17:52,10,11
1,4/29/2011,18:55,10,11.1
1,4/29/2011,19:55,10,13.4
1,4/29/2011,20:55,10,7.3
1,4/29/2011,22:55,10,5
1,4/29/2011,23:55,10,6
1,4/30/2011,0:52,10,5.2
1,4/30/2011,1:55,10,3.5
1,4/30/2011,2:54,10,3.9
1,7/9/2011,0:00,10,4.4
1,7/9/2011,1:00,10,5
1,7/9/2011,1:55,10,4.2
1,7/9/2011,3:00,10,5.4
1,5/27/2020,0:09,14,4.214
1,5/27/2020,1:09,14,6.286
1,5/27/2020,2:09,14,5.643
1,5/27/2020,3:09,14,6.286
1,5/27/2020,4:09,14,4.5
1,5/27/2020,5:09,14,5.071
1,5/27/2020,6:09,14,5.571
1,5/27/2020,7:09,14,5.286
1,5/27/2020,8:09,14,5.5
1,5/27/2020,9:09,14,4.429
1,5/27/2020,10:09,14,4.643
1,5/27/2020,11:09,14,5.786
1,5/27/2020,12:09,14,5.714
1,5/27/2020,13:09,14,5.429
1,5/27/2020,14:09,14,6.143
1,5/27/2020,15:09,14,4.786
1,5/27/2020,16:09,14,6.071
1,5/27/2020,17:04,14,20.071
1,5/27/2020,18:04,14,14.143
1,5/27/2020,19:04,14,6
1,5/27/2020,20:04,14,5.857
1,5/27/2020,21:09,14,3.929
1,5/27/2020,22:09,14,3
1,5/27/2020,23:09,14,4.429
1,11/14/2020,0:09,14,9.071
1,11/14/2020,1:09,14,10.786
1,11/14/2020,2:04,14,13.357
1,11/14/2020,3:09,14,16.786
1,11/14/2020,4:04,14,12.214
1,11/14/2020,5:09,14,7.857
1,11/14/2020,6:09,14,9.714
1,11/14/2020,7:09,14,11.571
1,11/14/2020,8:09,14,5.929
1,11/14/2020,9:09,14,4.857
1,11/14/2020,10:09,14,8.929
1,11/14/2020,11:09,14,12.714
1,11/14/2020,12:04,14,7.286
1,11/14/2020,13:09,14,8.286
1,11/14/2020,14:04,14,5.571
1,11/14/2020,15:09,14,8.5
1,11/14/2020,16:09,14,9.143
1,11/14/2020,17:09,14,8.5
1,11/14/2020,18:09,14,8.286
1,11/14/2020,19:09,14,7.286
1,11/14/2020,20:09,14,7.643
1,11/14/2020,21:09,14,6.357
1,11/14/2020,22:09,14,7.357
1,11/14/2020,23:09,14,5.5
1,10/31/2021,0:09,14,12.571
1,10/31/2021,1:09,14,8.643
1,10/31/2021,2:09,14,9
1,10/31/2021,3:09,14,8.714
1,10/31/2021,4:09,14,8.714
1,10/31/2021,5:09,14,9.286
1,10/31/2021,6:09,14,8.357
1,10/31/2021,7:09,14,8.643
1,10/31/2021,8:09,14,8.929
1,10/31/2021,9:09,14,10.286
1,10/31/2021,10:09,14,7.5
1,10/31/2021,11:09,14,6.857
1,10/31/2021,12:09,14,7.071
1,10/31/2021,13:09,14,8.143
1,10/31/2021,14:09,14,8.571
1,10/31/2021,15:09,14,9.214
1,10/31/2021,17:09,14,6.571
1,10/31/2021,18:09,14,6.571
1,10/31/2021,19:09,14,7.071
1,10/31/2021,20:09,14,6.643
1,10/31/2021,21:09,14,6.571
1,10/31/2021,22:04,14,8.071
1,10/31/2021,23:04,14,6.214
1,11/7/2021,0:09,14,9.357
1,11/7/2021,1:09,14,9.286
1,11/7/2021,2:09,14,10.571
1,11/7/2021,3:09,14,9.143
1,11/7/2021,4:09,14,6.571
1,11/7/2021,7:04,14,6.214
1,11/7/2021,8:09,14,6.786
1,11/7/2021,9:09,14,6.071
1,11/7/2021,10:09,14,7.714
1,11/7/2021,11:09,14,9.429
1,11/7/2021,12:04,14,10.214
1,11/7/2021,13:09,14,11.429
1,11/7/2021,14:04,14,8.214
1,11/7/2021,15:09,14,8.143
1,11/7/2021,16:09,14,9
1,11/7/2021,17:09,14,3.643
1,11/7/2021,18:09,14,4.286
1,11/7/2021,19:09,14,6.714
1,11/7/2021,20:09,14,7.857
1,11/7/2021,21:09,14,8.786
1,11/7/2021,22:09,14,7.857
1,11/7/2021,23:09,14,6.143
1,4/26/2022,0:04,14,8.643
1,4/26/2022,1:04,14,9.571
1,4/26/2022,2:04,14,11.929
1,4/26/2022,3:04,14,13.214
1,4/26/2022,4:04,14,10.857
1,4/26/2022,5:04,14,11.714
1,4/26/2022,6:04,14,13.071
1,4/26/2022,7:04,14,12.071
1,4/26/2022,8:04,14,17.143
1,4/26/2022,9:04,14,10.786
1,4/26/2022,10:09,14,9.857
1,4/26/2022,11:09,14,8.929
1,4/26/2022,12:09,14,6.929
1,4/26/2022,13:09,14,6.714
1,4/26/2022,14:04,14,7
1,4/26/2022,15:04,14,8.286
1,4/26/2022,16:04,14,7.643
1,4/26/2022,17:04,14,9.143
1,4/26/2022,18:04,14,6.857
1,4/26/2022,19:04,14,10.143
1,4/26/2022,20:04,14,6.071
1,4/26/2022,21:04,14,6.929
1,4/26/2022,22:04,14,5.786
1,4/26/2022,23:04,14,5.429
1,11/14/2022,0:04,13,7.692
1,11/14/2022,1:04,13,5.385
1,11/14/2022,2:09,13,4.692
1,11/14/2022,3:09,13,5
1,11/14/2022,4:04,13,5.462
1,11/14/2022,5:04,13,5.462
1,11/14/2022,6:04,13,4.846
1,11/14/2022,7:04,13,5.385
1,11/14/2022,8:04,13,6.769
1,11/14/2022,9:04,13,7.769
1,11/14/2022,10:04,13,6.385
1,11/14/2022,11:04,13,7.846
1,11/14/2022,12:04,13,6.846
1,11/14/2022,13:04,13,6.154
1,11/14/2022,14:04,13,7.769
1,11/14/2022,15:04,13,5.846
1,11/14/2022,16:04,13,6.462
1,11/14/2022,17:04,13,6.923
1,11/14/2022,18:04,13,5.154
1,11/14/2022,19:04,13,5.231
1,11/14/2022,20:04,13,4.769
1,11/14/2022,21:04,13,7.462
1,11/14/2022,22:04,13,8.769
1,11/14/2022,23:04,13,5.077
1,4/26/2023,23:59,14,5.214
1,4/27/2023,0:04,14,4.857
1,4/27/2023,0:09,14,4.714
1,4/27/2023,0:14,14,4.714
1,4/27/2023,0:19,14,4.071
1,4/27/2023,0:24,14,5
1,4/27/2023,0:29,14,4.857
1,4/27/2023,0:34,14,5.714
1,4/27/2023,0:39,14,5.786
1,4/27/2023,0:44,14,6.786
1,4/27/2023,0:49,14,6.286
1,4/27/2023,0:59,14,6.643
1,4/27/2023,0:59,14,6.643
1,4/27/2023,1:04,14,5.5
1,4/27/2023,1:09,14,5
1,4/27/2023,1:14,14,5.143
1,4/27/2023,1:19,14,5.571
1,4/27/2023,1:29,14,4.857
1,4/27/2023,1:29,14,4.857
1,4/27/2023,1:34,14,5.286
1,4/27/2023,1:39,14,4.714
1,4/27/2023,1:44,14,4.714
1,4/27/2023,1:49,14,5.214
1,4/27/2023,1:54,14,6.429
1,4/27/2023,1:59,14,6.429
1,4/27/2023,2:04,14,5.714
1,4/27/2023,2:09,14,5.214
1,4/27/2023,2:14,14,5.857
1,4/27/2023,2:19,14,6
1,4/27/2023,2:24,14,6
1,4/27/2023,2:29,14,5.643
1,4/27/2023,2:34,14,6.286
1,4/27/2023,2:39,14,5.5
1,4/27/2023,2:44,14,5.357
1,4/27/2023,2:49,14,5.429
1,4/27/2023,2:54,14,4.929
1,4/27/2023,2:59,14,4.214
1,4/27/2023,3:04,14,4.786
1,4/27/2023,3:14,14,5.286
1,4/27/2023,3:19,14,5.929
1,4/27/2023,3:24,14,4.714
1,4/27/2023,3:29,14,4
1,4/27/2023,3:34,14,3.786
1,4/27/2023,3:39,14,3.571
1,4/27/2023,3:44,14,3.571
1,4/27/2023,3:49,14,3.857
1,4/27/2023,3:54,14,3.857
1,4/27/2023,3:59,14,4.214
1,4/27/2023,4:04,14,4.857
1,4/27/2023,4:09,14,5.214
1,4/27/2023,4:14,14,5.786
1,4/27/2023,4:19,14,5.143
1,4/27/2023,4:24,14,5.643
1,4/27/2023,4:29,14,5.214
1,4/27/2023,4:34,14,5.357
1,4/27/2023,4:39,14,5.357
1,4/27/2023,4:44,14,5.857
1,4/27/2023,4:49,14,6
1,4/27/2023,4:54,14,6.429
1,4/27/2023,4:59,14,6.357
1,4/27/2023,5:04,14,6.429
1,4/27/2023,5:09,14,6.786
1,4/27/2023,5:14,14,6.286
1,4/27/2023,5:19,14,5.143
1,4/27/2023,5:24,14,5.286
1,4/27/2023,5:29,14,6.071
1,4/27/2023,5:34,14,6.857
1,4/27/2023,5:39,14,7.071
1,4/27/2023,5:44,14,7.786
1,4/27/2023,5:49,14,7.571
1,4/27/2023,5:54,14,6.714
1,4/27/2023,5:59,14,7.286
1,4/27/2023,6:04,14,8.286
1,4/27/2023,6:09,14,8.357
1,4/27/2023,6:14,14,7.929
1,4/27/2023,6:19,14,7.643
1,4/27/2023,6:24,14,7.643
1,4/27/2023,6:29,14,8.643
1,4/27/2023,6:34,14,8.714
1,4/27/2023,6:39,14,9.357
1,4/27/2023,6:44,14,8.857
1,4/27/2023,6:49,14,8.286
1,4/27/2023,6:54,14,8.929
1,4/27/2023,6:59,14,9.357
1,4/27/2023,7:04,14,8.214
1,4/27/2023,7:09,14,8.5
1,4/27/2023,7:14,14,8.214
1,4/27/2023,7:19,14,8
1,4/27/2023,7:24,14,8
1,4/27/2023,7:29,14,7.571
1,4/27/2023,7:34,14,7.357
1,4/27/2023,7:39,14,7.714
1,4/27/2023,7:44,14,6.929
1,4/27/2023,7:49,14,7.214
1,4/27/2023,7:54,14,6.071
1,4/27/2023,7:59,14,6.929
1,4/27/2023,8:04,14,6.857
1,4/27/2023,8:09,14,6.643
1,4/27/2023,8:14,14,8
1,4/27/2023,8:19,14,6.571
1,4/27/2023,8:24,14,6.5
1,4/27/2023,8:29,14,6.429
1,4/27/2023,8:34,14,6
1,4/27/2023,8:39,14,6.214
1,4/27/2023,8:44,14,6.571
1,4/27/2023,8:49,14,6.786
1,4/27/2023,8:54,14,6.643
1,4/27/2023,8:59,14,7.286
1,4/27/2023,9:04,14,6.429
1,4/27/2023,9:09,14,6.929
1,4/27/2023,9:14,14,6.571
1,4/27/2023,9:19,14,7.214
1,4/27/2023,9:24,14,6.5
1,4/27/2023,9:29,14,6.571
1,4/27/2023,9:34,14,6.357
1,4/27/2023,9:39,14,6.571
1,4/27/2023,9:44,14,6.429
1,4/27/2023,9:49,14,6.5
1,4/27/2023,9:54,14,6.429
1,4/27/2023,9:59,14,6.786
1,4/27/2023,10:04,14,6.929
1,4/27/2023,10:09,14,7.143
1,4/27/2023,10:14,14,7.286
1,4/27/2023,10:19,14,7.714
1,4/27/2023,10:24,14,7.857
1,4/27/2023,10:29,14,8.357
1,4/27/2023,10:34,14,8.357
1,4/27/2023,10:39,14,7.786
1,4/27/2023,10:44,14,8.643
1,4/27/2023,10:49,14,8.143
1,4/27/2023,10:54,14,7.857
1,4/27/2023,10:59,14,7.143
1,4/27/2023,11:04,14,6.5
1,4/27/2023,11:09,14,6.571
1,4/27/2023,11:14,14,6.714
1,4/27/2023,11:19,14,7.714
1,4/27/2023,11:24,14,7.929
1,4/27/2023,11:29,14,8.214
1,4/27/2023,11:34,14,7.929
1,4/27/2023,11:39,14,7.571
1,4/27/2023,11:44,14,7.357
1,4/27/2023,11:49,14,7.143
1,4/27/2023,11:54,14,6.857
1,4/27/2023,11:59,14,6.429
1,4/27/2023,12:04,14,7.357
1,4/27/2023,12:09,14,7.286
1,4/27/2023,12:14,14,7.357
1,4/27/2023,12:19,14,7.214
1,4/27/2023,12:24,14,7
1,4/27/2023,12:29,14,7.071
1,4/27/2023,12:34,14,7.214
1,4/27/2023,12:39,14,6.571
1,4/27/2023,12:44,14,6.714
1,4/27/2023,12:49,14,7.071
1,4/27/2023,12:54,14,7.214
1,4/27/2023,12:59,14,7.071
1,4/27/2023,13:04,14,7.143
1,4/27/2023,13:09,14,7.5
1,4/27/2023,13:14,14,7.5
1,4/27/2023,13:19,14,7.786
1,4/27/2023,13:24,14,7.786
1,4/27/2023,13:29,14,8
1,4/27/2023,13:34,14,7.214
1,4/27/2023,13:39,14,8.214
1,4/27/2023,13:44,14,8.429
1,4/27/2023,13:49,14,8.714
1,4/27/2023,13:54,14,9.357
1,4/27/2023,13:59,14,9.143
1,4/27/2023,14:04,14,8.571
1,4/27/2023,14:09,14,8.214
1,4/27/2023,14:14,14,8.714
1,4/27/2023,14:19,14,8.429
1,4/27/2023,14:24,14,7.929
1,4/27/2023,14:29,14,7.643
1,4/27/2023,14:34,14,7.143
1,4/27/2023,14:39,14,7.786
1,4/27/2023,14:44,14,8.286
1,4/27/2023,14:49,14,7.857
1,4/27/2023,14:54,14,7.571
1,4/27/2023,14:59,14,6.929
1,4/27/2023,15:04,14,7.5
1,4/27/2023,15:09,14,7.071
1,4/27/2023,15:14,14,7.214
1,4/27/2023,15:19,14,7.714
1,4/27/2023,15:24,14,7.429
1,4/27/2023,15:29,14,7.286
1,4/27/2023,15:34,14,6.643
1,4/27/2023,15:39,14,6.5
1,4/27/2023,15:44,14,7.071
1,4/27/2023,15:49,14,7.214
1,4/27/2023,15:54,14,8.286
1,4/27/2023,15:59,14,7.643
1,4/27/2023,16:04,14,7.071
1,4/27/2023,16:09,14,6.857
1,4/27/2023,16:14,14,5.857
1,4/27/2023,16:19,14,6.071
1,4/27/2023,16:24,14,5.286
1,4/27/2023,16:29,14,5
1,4/27/2023,16:34,14,5.714
1,4/27/2023,16:39,14,4.786
1,4/27/2023,16:44,14,5.357
1,4/27/2023,16:49,14,5.786
1,4/27/2023,16:54,14,5.714
1,4/27/2023,16:59,14,6.357
1,4/27/2023,17:04,14,7.143
1,4/27/2023,17:09,14,6.429
1,4/27/2023,17:14,14,6.357
1,4/27/2023,17:19,14,6.5
1,4/27/2023,17:24,14,5.071
1,4/27/2023,17:29,14,6.143
1,4/27/2023,17:34,14,6.571
1,4/27/2023,17:39,14,6.714
1,4/27/2023,17:44,14,6.571
1,4/27/2023,17:49,14,6.214
1,4/27/2023,17:54,14,6.786
1,4/27/2023,17:59,14,5.857
1,4/27/2023,18:04,14,6.857
1,4/27/2023,18:09,14,6.571
1,4/27/2023,18:14,14,6.429
1,4/27/2023,18:19,14,6.643
1,4/27/2023,18:24,14,5.786
1,4/27/2023,18:29,14,6.571
1,4/27/2023,18:34,14,6.286
1,4/27/2023,18:39,14,6.143
1,4/27/2023,18:44,14,6.214
1,4/27/2023,18:49,14,5.929
1,4/27/2023,18:54,14,5.929
1,4/27/2023,18:59,14,5.786
1,4/27/2023,19:04,14,5.214
1,4/27/2023,19:09,14,5.929
1,4/27/2023,19:14,14,6
1,4/27/2023,19:19,14,6.143
1,4/27/2023,19:24,14,6.357
1,4/27/2023,19:29,14,5.5
1,4/27/2023,19:34,14,6.143
1,4/27/2023,19:39,14,6.643
1,4/27/2023,19:44,14,6.857
1,4/27/2023,19:49,14,6.071
1,4/27/2023,19:54,14,6.071
1,4/27/2023,19:59,14,6.429
1,4/27/2023,20:04,14,5.357
1,4/27/2023,20:09,14,5.357
1,4/27/2023,20:14,14,6
1,4/27/2023,20:19,14,6.5
1,4/27/2023,20:24,14,7
1,4/27/2023,20:29,14,6.357
1,4/27/2023,20:34,14,5.143
1,4/27/2023,20:39,14,6.214
1,4/27/2023,20:44,14,5.714
1,4/27/2023,20:49,14,6.214
1,4/27/2023,20:54,14,6.429
1,4/27/2023,20:59,14,8.429
1,4/27/2023,21:04,14,7.857
1,4/27/2023,21:09,14,6.143
1,4/27/2023,21:14,14,8.5
1,4/27/2023,21:19,14,8.5
1,4/27/2023,21:24,14,6.214
1,4/27/2023,21:24,14,6.214
1,4/27/2023,21:29,14,7.643
1,4/27/2023,21:39,14,8.071
1,4/27/2023,21:44,14,13.929
1,4/27/2023,21:44,14,13.929
1,4/27/2023,21:54,14,20.357
1,4/27/2023,21:59,14,20.286
1,4/27/2023,21:59,14,20.286
1,4/27/2023,22:09,14,16.429
1,4/27/2023,22:09,14,16.429
1,4/27/2023,22:19,14,22.143
1,4/27/2023,22:24,14,30.143
1,4/27/2023,22:29,14,27.5
1,4/27/2023,22:34,14,20.571
1,4/27/2023,22:34,14,20.571
1,4/27/2023,22:44,14,23.071
1,4/27/2023,22:44,14,23.071
1,4/27/2023,22:54,14,19.786
1,4/27/2023,22:54,14,19.786
1,4/27/2023,23:04,14,17.857
1,4/27/2023,23:04,14,17.857
1,4/27/2023,23:04,14,17.857
1,4/27/2023,23:04,14,17.857
1,4/27/2023,23:04,14,17.857
1,4/27/2023,23:04,14,17.857
1,4/27/2023,23:04,14,17.857
1,4/27/2023,23:04,14,17.857
1,4/27/2023,23:04,14,17.857
1,4/27/2023,23:04,14,17.857
1,4/27/2023,23:04,14,17.857
1,4/27/2023,23:04,14,17.857
1,4/28/2023,0:04,14,11.357
1,4/28/2023,0:04,14,11.357
1,4/28/2023,0:14,14,7.071
1,4/28/2023,0:14,14,7.071
1,4/28/2023,0:24,14,6
1,4/28/2023,0:24,14,6
1,4/28/2023,0:34,14,9.071
1,4/28/2023,0:34,14,9.071
1,4/28/2023,0:44,14,12.214
1,4/28/2023,0:44,14,12.214
1,4/28/2023,0:54,14,13.5
1,4/28/2023,0:54,14,13.5
1,4/28/2023,1:04,14,9.071
1,4/28/2023,1:04,14,9.071
1,4/28/2023,1:14,14,11.071
1,4/28/2023,1:14,14,11.071
1,4/28/2023,1:24,14,5.571
1,4/28/2023,1:24,14,5.571
1,4/28/2023,1:34,14,5.143
1,4/28/2023,1:34,14,5.143
1,4/28/2023,1:44,14,4.643
1,4/28/2023,1:44,14,4.643
1,4/28/2023,1:49,14,4.357
1,4/28/2023,1:54,14,4.071
1,4/28/2023,2:04,14,4.5
1,4/28/2023,2:04,14,4.5
1,4/28/2023,2:14,14,6.5
1,4/28/2023,2:24,14,5.786
1,4/28/2023,2:24,14,5.786
1,4/28/2023,2:34,14,7.857
1,4/28/2023,2:34,14,7.857
1,4/28/2023,2:44,14,10.429
1,4/28/2023,2:44,14,10.429
1,4/28/2023,2:54,14,11.357
1,4/28/2023,2:54,14,11.357
1,4/28/2023,3:04,14,6.214
1,4/28/2023,3:04,14,6.214
1,4/28/2023,3:24,14,9.429
1,4/28/2023,3:24,14,9.429
1,4/28/2023,3:34,14,13.071
1,4/28/2023,3:44,14,10.357
1,4/28/2023,3:44,14,10.357
1,4/28/2023,3:54,14,8.286
1,4/28/2023,3:54,14,8.286
1,4/28/2023,4:04,14,7.643
1,4/28/2023,4:04,14,7.643
1,4/28/2023,4:14,14,7.214
1,4/28/2023,4:14,14,7.214
1,4/28/2023,4:24,14,7.286
1,4/28/2023,4:24,14,7.286
1,4/28/2023,4:29,14,7.714
1,4/28/2023,4:34,14,6.357
1,4/28/2023,4:39,14,6.571
1,4/28/2023,4:44,14,5.929
1,4/28/2023,4:54,14,7.071
1,4/28/2023,4:54,14,7.071
1,4/28/2023,5:04,14,6.143
1,4/28/2023,5:04,14,6.143
1,4/28/2023,5:14,14,7.071
1,4/28/2023,5:14,14,7.071
1,4/28/2023,5:24,14,6
1,4/28/2023,5:24,14,6
1,4/28/2023,5:34,14,3.643
1,4/28/2023,5:34,14,3.643
1,4/28/2023,5:44,14,5.071
1,4/28/2023,5:44,14,5.071
1,4/28/2023,5:54,14,5.429
1,4/28/2023,5:54,14,5.429
1,4/28/2023,6:04,14,6.5
1,4/28/2023,6:04,14,6.5
1,4/28/2023,6:14,14,9
1,4/28/2023,6:14,14,9
1,4/28/2023,6:19,14,9.571
1,4/28/2023,6:24,14,9.714
1,4/28/2023,6:34,14,11.357
1,4/28/2023,6:34,14,11.357
1,4/28/2023,6:39,14,11.571
1,4/28/2023,6:44,14,10.214
1,4/28/2023,6:54,14,10.071
1,4/28/2023,6:54,14,10.071
1,4/28/2023,7:04,14,9.714
1,4/28/2023,7:04,14,9.714
1,4/28/2023,7:14,14,7.5
1,4/28/2023,7:14,14,7.5
1,4/28/2023,7:19,14,9.071
1,4/28/2023,7:24,14,8.857
1,4/28/2023,7:34,14,8.786
1,4/28/2023,7:34,14,8.786
1,4/28/2023,7:39,14,7.857
1,4/28/2023,7:44,14,7.643
1,4/28/2023,7:54,14,6.643
1,4/28/2023,7:54,14,6.643
1,4/28/2023,8:04,14,7.429
1,4/28/2023,8:04,14,7.429
1,4/28/2023,8:14,14,7.929
1,4/28/2023,8:14,14,7.929
1,4/28/2023,8:24,14,7.643
1,4/28/2023,8:24,14,7.643
1,4/28/2023,8:29,14,7.643
1,4/28/2023,8:34,14,7.5
1,4/28/2023,8:44,14,7.5
1,4/28/2023,8:44,14,7.5
1,4/28/2023,8:54,14,8.143
1,4/28/2023,8:54,14,8.143
1,4/28/2023,9:04,14,7.5
1,4/28/2023,9:04,14,7.5
1,4/28/2023,9:09,14,7.571
1,4/28/2023,9:14,14,8.714
1,4/28/2023,9:24,14,9.214
1,4/28/2023,9:24,14,9.214
1,4/28/2023,9:29,14,8.643
1,4/28/2023,9:34,14,10.214
1,4/28/2023,9:39,14,9.714
1,4/28/2023,9:44,14,9.786
1,4/28/2023,9:49,14,9.643
1,4/28/2023,9:54,14,9.429
1,4/28/2023,9:59,14,9
1,4/28/2023,10:04,14,8.643
1,4/28/2023,10:09,14,8.643
1,4/28/2023,10:14,14,9
1,4/28/2023,10:19,14,9
1,4/28/2023,10:24,14,9.214
1,4/28/2023,10:29,14,9.786
1,4/28/2023,10:34,14,9.143
1,4/28/2023,10:39,14,9.429
1,4/28/2023,10:44,14,8.071
1,4/28/2023,10:49,14,7.286
1,4/28/2023,10:54,14,8.643
1,4/28/2023,10:59,14,8.5
1,4/28/2023,11:04,14,8.357
1,4/28/2023,11:09,14,8.643
1,4/28/2023,11:14,14,7.643
1,4/28/2023,11:19,14,8
1,4/28/2023,11:24,14,7.857
1,4/28/2023,11:29,14,7.714
1,4/28/2023,11:34,14,7.214
1,4/28/2023,11:39,14,7
1,4/28/2023,11:44,14,7
1,4/28/2023,11:49,14,7.143
1,4/28/2023,11:54,14,6.357
1,4/28/2023,11:59,14,6.143
1,4/28/2023,12:04,14,5.5
1,4/28/2023,12:09,14,6.286
1,4/28/2023,12:14,14,6.571
1,4/28/2023,12:19,14,6.5
1,4/28/2023,12:24,14,6.429
1,4/28/2023,12:29,14,6.214
1,4/28/2023,12:34,14,6.143
1,4/28/2023,12:39,14,6.357
1,4/28/2023,12:44,14,6.143
1,4/28/2023,12:49,14,6.143
1,4/28/2023,12:54,14,6.429
1,4/28/2023,12:59,14,6.571
1,4/28/2023,13:04,14,5.929
1,4/28/2023,13:14,14,8.714
1,4/28/2023,13:19,14,9.5
1,4/28/2023,13:24,14,9.071
1,4/28/2023,13:29,14,9.143
1,4/28/2023,13:34,14,9.786
1,4/28/2023,13:39,14,8.714
1,4/28/2023,13:44,14,9.786
1,4/28/2023,13:49,14,9
1,4/28/2023,13:54,14,8.714
1,4/28/2023,13:59,14,8.786
1,4/28/2023,14:04,14,9.5
1,4/28/2023,14:09,14,8.643
1,4/28/2023,14:14,14,7.857
1,4/28/2023,14:19,14,8.643
1,4/28/2023,14:24,14,8.857
1,4/28/2023,14:29,14,8.786
1,4/28/2023,14:34,14,9.5
1,4/28/2023,14:39,14,9.929
1,4/28/2023,14:44,14,9
1,4/28/2023,14:49,14,8.857
1,4/28/2023,14:54,14,7.857
1,4/28/2023,14:59,14,8.714
1,4/28/2023,15:04,14,10.5
1,4/28/2023,15:09,14,11.429
1,4/28/2023,15:14,14,12
1,4/28/2023,15:19,14,12.071
1,4/28/2023,15:24,14,11.786
1,4/28/2023,15:29,14,11.429
1,4/28/2023,15:34,14,11.071
1,4/28/2023,15:39,14,9.714
1,4/28/2023,15:44,14,9.714
1,4/28/2023,15:49,14,10.286
1,4/28/2023,15:54,14,10.5
1,4/28/2023,15:59,14,10.5
1,4/28/2023,16:04,14,10.714
1,4/28/2023,16:09,14,10.571
1,4/28/2023,16:14,14,9.857
1,4/28/2023,16:19,14,8.786
1,4/28/2023,16:24,14,8.429
1,4/28/2023,16:29,14,6.643
1,4/28/2023,16:34,14,7.143
1,4/28/2023,16:39,14,7.214
1,4/28/2023,16:44,14,6.714
1,4/28/2023,16:49,14,6.143
1,4/28/2023,16:54,14,5.071
1,4/28/2023,16:59,14,5.286
1,4/28/2023,17:04,14,5.286
1,4/28/2023,17:09,14,5.929
1,4/28/2023,17:14,14,5.214
1,4/28/2023,17:19,14,4.071
1,4/28/2023,17:24,14,5
1,4/28/2023,17:29,14,5.857
1,4/28/2023,17:34,14,7.357
1,4/28/2023,17:39,14,6.286
1,4/28/2023,17:44,14,7.071
1,4/28/2023,17:49,14,5.643
1,4/28/2023,17:54,14,6.214
1,4/28/2023,17:59,14,6.714
1,4/28/2023,18:04,14,7.214
1,4/28/2023,18:09,14,8.071
1,4/28/2023,18:14,14,10.071
1,4/28/2023,18:19,14,9
1,4/28/2023,18:24,14,8.071
1,4/28/2023,18:29,14,8.143
1,4/28/2023,18:34,14,8.286
1,4/28/2023,18:39,14,8.857
1,4/28/2023,18:44,14,8.286
1,4/28/2023,18:49,14,7.786
1,4/28/2023,18:54,14,9.786
1,4/28/2023,18:59,14,7.643
1,4/28/2023,19:04,14,7.571
1,4/28/2023,19:09,14,6.143
1,4/28/2023,19:14,14,6.929
1,4/28/2023,19:19,14,7
1,4/28/2023,19:24,14,7.5
1,4/28/2023,19:29,14,8.143
1,4/28/2023,19:34,14,9
1,4/28/2023,19:39,14,9.357
1,4/28/2023,19:44,14,9.357
1,4/28/2023,19:49,14,9.429
1,4/28/2023,19:54,14,10
1,4/28/2023,19:59,14,10
1,4/28/2023,20:04,14,10.714
1,4/28/2023,20:04,14,10.714
1,4/28/2023,20:14,14,14
1,4/28/2023,20:19,14,13.643
1,4/28/2023,20:24,14,12.214
1,4/28/2023,20:29,14,10.071
1,4/28/2023,20:34,14,10.357
1,4/28/2023,20:39,14,10.643
1,4/28/2023,20:44,14,11.429
1,4/28/2023,20:49,14,11.143
1,4/28/2023,20:54,14,11.143
1,4/28/2023,20:59,14,10.786
1,4/28/2023,21:04,14,10.571
1,4/28/2023,21:09,14,10.5
1,4/28/2023,21:14,14,10.429
1,4/28/2023,21:19,14,10
1,4/28/2023,21:24,14,9.357
1,4/28/2023,21:29,14,8.571
1,4/28/2023,21:34,14,8.071
1,4/28/2023,21:39,14,9.929
1,4/28/2023,21:44,14,9.929
1,4/28/2023,21:49,14,9.357
1,4/28/2023,21:54,14,9.571
1,4/28/2023,21:59,14,9.357
1,4/28/2023,22:04,14,9.143
1,4/28/2023,22:09,14,8.5
1,4/28/2023,22:14,14,8.929
1,4/28/2023,22:19,14,9.143
1,4/28/2023,22:24,14,9.357
1,4/28/2023,22:29,14,9.429
1,4/28/2023,22:34,14,9.143
1,4/28/2023,22:39,14,9.786
1,4/28/2023,22:44,14,8.643
1,4/28/2023,22:49,14,8.5
1,4/28/2023,22:54,14,8.571
1,4/28/2023,22:59,14,9.5
1,4/28/2023,23:04,14,9.071
1,4/28/2023,23:09,14,9.5
1,4/28/2023,23:14,14,9.786
1,4/28/2023,23:19,14,10.143
1,4/28/2023,23:29,14,9.071
1,4/28/2023,23:34,14,9.357
1,4/28/2023,23:39,14,8.929
1,4/28/2023,23:44,14,10.357
1,4/28/2023,23:49,14,10.643
1,7/26/2023,0:04,14,5.929
1,7/26/2023,0:09,14,5.786
1,7/26/2023,0:14,14,5.357
1,7/26/2023,0:19,14,5.214
1,7/26/2023,0:24,14,5.357
1,7/26/2023,0:29,14,5.571
1,7/26/2023,0:34,14,6.5
1,7/26/2023,0:39,14,7.214
1,7/26/2023,0:44,14,7.143
1,7/26/2023,0:49,14,7.714
1,7/26/2023,0:54,14,7.857
1,7/26/2023,0:59,14,8.429
1,7/26/2023,1:04,14,9.429
1,7/26/2023,1:09,14,7.571
1,7/26/2023,1:14,14,8.214
1,7/26/2023,1:19,14,7
1,7/26/2023,1:24,14,7.714
1,7/26/2023,1:29,14,8.5
1,7/26/2023,1:34,14,8.714
1,7/26/2023,1:39,14,8.786
1,7/26/2023,1:44,14,8.929
1,7/26/2023,1:49,14,8.643
1,7/26/2023,1:54,14,9.714
1,7/26/2023,1:59,14,9.929
1,7/26/2023,2:04,14,9
1,7/26/2023,2:09,14,9.214
1,7/26/2023,2:14,14,9.357
1,7/26/2023,2:19,14,8.857
1,7/26/2023,2:24,14,9.071
1,7/26/2023,2:29,14,8.571
1,7/26/2023,2:34,14,8.429
1,7/26/2023,2:39,14,8
1,7/26/2023,2:44,14,8.571
1,7/26/2023,2:49,14,7.5
1,7/26/2023,2:54,14,8.357
1,7/26/2023,2:59,14,9.143
1,7/26/2023,3:04,14,8.643
1,7/26/2023,3:09,14,7.714
1,7/26/2023,3:14,14,7.857
1,7/26/2023,3:19,14,7.214
1,7/26/2023,3:24,14,6.929
1,7/26/2023,3:29,14,7.071
1,7/26/2023,3:34,14,6.5
1,7/26/2023,3:39,14,6.214
1,7/26/2023,3:44,14,6.071
1,7/26/2023,3:49,14,6.214
1,7/26/2023,3:54,14,6.357
1,7/26/2023,3:59,14,6.571
1,7/26/2023,4:04,14,6.929
1,7/26/2023,4:09,14,6.5
1,7/26/2023,4:14,14,6.357
1,7/26/2023,4:19,14,6.929
1,7/26/2023,4:24,14,6.786
1,7/26/2023,4:29,14,6.571
1,7/26/2023,4:34,14,7.143
1,7/26/2023,4:39,14,7.571
1,7/26/2023,4:44,14,7.786
1,7/26/2023,4:49,14,8.071
1,7/26/2023,4:54,14,8.429
1,7/26/2023,4:59,14,8.429
1,7/26/2023,5:04,14,9.071
1,7/26/2023,5:09,14,9
1,7/26/2023,5:14,14,8.571
1,7/26/2023,5:19,14,8.5
1,7/26/2023,5:24,14,8.286
1,7/26/2023,5:29,14,8.143
1,7/26/2023,5:34,14,8.143
1,7/26/2023,5:39,14,8.143
1,7/26/2023,5:44,14,8.214
1,7/26/2023,5:49,14,8.357
1,7/26/2023,5:54,14,8.643
1,7/26/2023,5:59,14,8.643
1,7/26/2023,6:04,14,8.5
1,7/26/2023,6:09,14,7.929
1,7/26/2023,6:14,14,7.5
1,7/26/2023,6:19,14,7
1,7/26/2023,6:24,14,6.929
1,7/26/2023,6:29,14,6.929
1,7/26/2023,6:34,14,7.071
1,7/26/2023,6:39,14,6.857
1,7/26/2023,6:44,14,6.357
1,7/26/2023,6:49,14,6.5
1,7/26/2023,6:54,14,6.857
1,7/26/2023,6:59,14,6.571
1,7/26/2023,7:04,14,6.214
1,7/26/2023,7:09,14,6.429
1,7/26/2023,7:14,14,5
1,7/26/2023,7:19,14,5.214
1,7/26/2023,7:24,14,5.714
1,7/26/2023,7:29,14,5.571
1,7/26/2023,7:34,14,6.286
1,7/26/2023,7:39,14,6.214
1,7/26/2023,7:44,14,6.5
1,7/26/2023,7:49,14,5.786
1,7/26/2023,7:54,14,5.714
1,7/26/2023,7:59,14,5.357
1,7/26/2023,8:04,14,5.071
1,7/26/2023,8:09,14,5
1,7/26/2023,8:14,14,4.929
1,7/26/2023,8:19,14,5.143
1,7/26/2023,8:24,14,4.714
1,7/26/2023,8:29,14,4.786
1,7/26/2023,8:34,14,5.071
1,7/26/2023,8:39,14,5.357
1,7/26/2023,8:44,14,5.643
1,7/26/2023,8:49,14,5.143
1,7/26/2023,8:54,14,5.429
1,7/26/2023,8:59,14,5.357
1,7/26/2023,9:04,14,5.929
1,7/26/2023,9:09,14,5.143
1,7/26/2023,9:14,14,5.429
1,7/26/2023,9:19,14,5.786
1,7/26/2023,9:24,14,5.286
1,7/26/2023,9:29,14,5.643
1,7/26/2023,9:34,14,5.357
1,7/26/2023,9:39,14,5.357
1,7/26/2023,9:44,14,5.5
1,7/26/2023,9:49,14,5.571
1,7/26/2023,9:54,14,5.643
1,7/26/2023,9:59,14,5.071
1,7/26/2023,10:04,14,5
1,7/26/2023,10:09,14,5.357
1,7/26/2023,10:14,14,5
1,7/26/2023,10:19,14,5.143
1,7/26/2023,10:24,14,5.214
1,7/26/2023,10:29,14,5.357
1,7/26/2023,10:34,14,5.571
1,7/26/2023,10:39,14,5.571
1,7/26/2023,10:44,14,5.071
1,7/26/2023,10:49,14,4.786
1,7/26/2023,10:54,14,5
1,7/26/2023,10:59,14,4.5
1,7/26/2023,11:04,14,4
1,7/26/2023,11:09,14,3.786
1,7/26/2023,11:14,14,4.143
1,7/26/2023,11:19,14,5.071
1,7/26/2023,11:24,14,4.643
1,7/26/2023,11:29,14,4.857
1,7/26/2023,11:34,14,4.357
1,7/26/2023,11:39,14,4.071
1,7/26/2023,11:44,14,4.357
1,7/26/2023,11:49,14,4
1,7/26/2023,11:54,14,4.071
1,7/26/2023,11:59,14,3.643
1,7/26/2023,12:04,14,4
1,7/26/2023,12:09,14,4.5
1,7/26/2023,12:14,14,4.5
1,7/26/2023,12:19,14,4.643
1,7/26/2023,12:24,14,3.857
1,7/26/2023,12:29,14,4.571
1,7/26/2023,12:34,14,4.214
1,7/26/2023,12:39,14,4.357
1,7/26/2023,12:44,14,3.929
1,7/26/2023,12:49,14,3.643
1,7/26/2023,12:54,14,3.786
1,7/26/2023,12:59,14,4.214
1,7/26/2023,13:04,14,3.357
1,7/26/2023,13:09,14,3.286
1,7/26/2023,13:14,14,3.857
1,7/26/2023,13:19,14,3.5
1,7/26/2023,13:24,14,3.571
1,7/26/2023,13:29,14,3.571
1,7/26/2023,13:34,14,3.643
1,7/26/2023,13:39,14,4
1,7/26/2023,13:44,14,4.643
1,7/26/2023,13:49,14,4.714
1,7/26/2023,13:54,14,4.286
1,7/26/2023,13:59,14,3.857
1,7/26/2023,14:04,14,4.214
1,7/26/2023,14:09,14,4.071
1,7/26/2023,14:14,14,4.286
1,7/26/2023,14:19,14,3.857
1,7/26/2023,14:24,14,3.929
1,7/26/2023,14:29,14,4.714
1,7/26/2023,14:34,14,4.429
1,7/26/2023,14:38,14,4.429
1,7/26/2023,14:44,14,4.429
1,7/26/2023,14:49,14,4.286
1,7/26/2023,14:54,14,4.286
1,7/26/2023,14:59,14,4.429
1,7/26/2023,15:04,14,4
1,7/26/2023,15:09,14,3.857
1,7/26/2023,15:14,14,3.714
1,7/26/2023,15:19,14,3.786
1,7/26/2023,15:29,14,3.429
1,7/26/2023,15:34,14,3.714
1,7/26/2023,15:39,14,3.571
1,7/26/2023,15:44,14,3.643
1,7/26/2023,15:49,14,4.071
1,7/26/2023,15:54,14,4.286
1,7/26/2023,15:59,14,4.071
1,7/26/2023,16:04,14,4.286
1,7/26/2023,16:09,14,5.071
1,7/26/2023,16:14,14,4.857
1,7/26/2023,16:19,14,5.571
1,7/26/2023,16:24,14,4.143
1,7/26/2023,16:29,14,4.857
1,7/26/2023,16:34,14,4.286
1,7/26/2023,16:39,14,4.429
1,7/26/2023,16:44,14,5.071
1,7/26/2023,16:49,14,4.571
1,7/26/2023,16:54,14,3.857
1,7/26/2023,16:59,14,4.071
1,7/26/2023,17:04,14,3.929
1,7/26/2023,17:09,14,3.857
1,7/26/2023,17:14,14,5.214
1,7/26/2023,17:19,14,3.929
1,7/26/2023,17:24,14,3.929
1,7/26/2023,17:29,14,3.571
1,7/26/2023,17:34,14,4.143
1,7/26/2023,17:39,14,4
1,7/26/2023,17:44,14,4.286
1,7/26/2023,17:49,14,4.786
1,7/26/2023,17:54,14,4.643
1,7/26/2023,17:59,14,4.571
1,7/26/2023,18:04,14,5.286
1,7/26/2023,18:09,14,3.571
1,7/26/2023,18:14,14,3.929
1,7/26/2023,18:19,14,3.5
1,7/26/2023,18:24,14,4
1,7/26/2023,18:29,14,4.214
1,7/26/2023,18:34,14,3.714
1,7/26/2023,18:39,14,3.429
1,7/26/2023,18:44,14,3.214
1,7/26/2023,18:49,14,2.714
1,7/26/2023,18:54,14,3.571
1,7/26/2023,18:59,14,2.929
1,7/26/2023,19:04,14,3.214
1,7/26/2023,19:09,14,3.857
1,7/26/2023,19:14,14,3.929
1,7/26/2023,19:19,14,4.214
1,7/26/2023,19:24,14,3.929
1,7/26/2023,19:29,14,5
1,7/26/2023,19:34,14,4.071
1,7/26/2023,19:39,14,4.286
1,7/26/2023,19:44,14,4.929
1,7/26/2023,19:49,14,3.786
1,7/26/2023,19:54,14,4.143
1,7/26/2023,19:59,14,3.571
1,7/26/2023,20:04,14,3.357
1,7/26/2023,20:09,14,4.143
1,7/26/2023,20:14,14,4.214
1,7/26/2023,20:19,14,3.357
1,7/26/2023,20:24,14,3.214
1,7/26/2023,20:29,14,3.643
1,7/26/2023,20:34,14,2.214
1,7/26/2023,20:39,14,3.786
1,7/26/2023,20:44,14,2.643
1,7/26/2023,20:49,14,3.429
1,7/26/2023,20:54,14,3.071
1,7/26/2023,20:59,14,2.714
1,7/26/2023,21:04,14,2.786
1,7/26/2023,21:09,14,3
1,7/26/2023,21:14,14,3.714
1,7/26/2023,21:19,14,3.071
1,7/26/2023,21:24,14,2.786
1,7/26/2023,21:29,14,3.5
1,7/26/2023,21:34,14,4.071
1,7/26/2023,21:39,14,3.786
1,7/26/2023,21:44,14,4.214
1,7/26/2023,21:49,14,3.857
1,7/26/2023,21:54,14,3.786
1,7/26/2023,21:59,14,3.143
1,7/26/2023,22:04,14,3
1,7/26/2023,22:09,14,3.071
1,7/26/2023,22:14,14,3.143
1,7/26/2023,22:19,14,3.214
1,7/26/2023,22:24,14,3.357
1,7/26/2023,22:29,14,4.071
1,7/26/2023,22:34,14,3.429
1,7/26/2023,22:39,14,3.071
1,7/26/2023,22:44,14,3.786
1,7/26/2023,22:49,14,3.357
1,7/26/2023,22:54,14,3.5
1,7/26/2023,22:59,14,4.071
1,7/26/2023,23:04,14,3.929
1,7/26/2023,23:09,14,4.071
1,7/26/2023,23:14,14,4.214
1,7/26/2023,23:19,14,4.143
1,7/26/2023,23:24,14,4.929
1,7/26/2023,23:29,14,3.929
1,7/26/2023,23:34,14,4.214
1,7/26/2023,23:39,14,4.214
1,7/26/2023,23:44,14,3.857
1,7/26/2023,23:49,14,4.143
1,10/4/2023,23:59,14,7.357
1,10/5/2023,0:04,14,7.571
1,10/5/2023,0:09,14,7.929
1,10/5/2023,0:14,14,7.643
1,10/5/2023,0:19,14,7.214
1,10/5/2023,0:24,14,7.286
1,10/5/2023,0:29,14,6.5
1,10/5/2023,0:29,14,6.5
1,10/5/2023,0:34,14,6.5
1,10/5/2023,0:44,14,6.929
1,10/5/2023,0:49,14,7.286
1,10/5/2023,0:54,14,7
1,10/5/2023,0:54,14,7
1,10/5/2023,1:04,14,7.429
1,10/5/2023,1:04,14,7.429
1,10/5/2023,1:14,14,7.857
1,10/5/2023,1:14,14,7.857
1,10/5/2023,1:24,14,6.5
1,10/5/2023,1:24,14,6.5
1,10/5/2023,1:29,14,7.357
1,10/5/2023,1:39,14,5.643
1,10/5/2023,1:44,14,6.071
1,10/5/2023,1:49,14,6.857
1,10/5/2023,1:49,14,6.857
1,10/5/2023,1:54,14,6.429
1,10/5/2023,1:59,14,6.5
1,10/5/2023,2:09,14,6.571
1,10/5/2023,2:14,14,6.571
1,10/5/2023,2:14,14,6.571
1,10/5/2023,2:24,14,5.714
1,10/5/2023,2:29,14,6.429
1,10/5/2023,2:29,14,6.429
1,10/5/2023,2:39,14,6.714
1,10/5/2023,2:44,14,6.357
1,10/5/2023,2:49,14,5.643
1,10/5/2023,2:54,14,6.071
1,10/5/2023,2:59,14,5.786
1,10/5/2023,2:59,14,5.786
1,10/5/2023,3:04,14,6.214
1,10/5/2023,3:09,14,6.357
1,10/5/2023,3:14,14,6.786
1,10/5/2023,3:19,14,6.071
1,10/5/2023,3:29,14,6.357
1,10/5/2023,3:29,14,6.357
1,10/5/2023,3:34,14,6.857
1,10/5/2023,3:39,14,8.5
1,10/5/2023,3:44,14,8.214
1,10/5/2023,3:49,14,5.357
1,10/5/2023,3:54,14,5.214
1,10/5/2023,3:59,14,6.143
1,10/5/2023,4:04,14,6.214
1,10/5/2023,4:09,14,6.286
1,10/5/2023,4:19,14,6.5
1,10/5/2023,4:19,14,6.5
1,10/5/2023,4:29,14,15
1,10/5/2023,4:29,14,15
1,10/5/2023,4:39,14,8.857
1,10/5/2023,4:44,14,7.929
1,10/5/2023,4:49,14,8.929
1,10/5/2023,4:49,14,8.929
1,10/5/2023,4:54,14,7.714
1,10/5/2023,5:04,14,7.357
1,10/5/2023,5:09,14,7.429
1,10/5/2023,5:14,14,8.786
1,10/5/2023,5:19,14,8.643
1,10/5/2023,5:19,14,8.643
1,10/5/2023,5:29,14,8.929
1,10/5/2023,5:34,14,10.071
1,10/5/2023,5:39,14,8.429
1,10/5/2023,5:44,14,7.929
1,10/5/2023,5:49,14,7.643
1,10/5/2023,5:49,14,7.643
1,10/5/2023,5:59,14,7.571
1,10/5/2023,5:59,14,7.571
1,10/5/2023,6:09,14,7.786
1,10/5/2023,6:14,14,7.786
1,10/5/2023,6:19,14,6
1,10/5/2023,6:24,14,7.643
1,10/5/2023,6:29,14,6.714
1,10/5/2023,6:34,14,7.143
1,10/5/2023,6:39,14,7.714
1,10/5/2023,6:44,14,7.857
1,10/5/2023,6:49,14,7.143
1,10/5/2023,6:54,14,7.643
1,10/5/2023,6:59,14,8.286
1,10/5/2023,7:04,14,9.643
1,10/5/2023,7:09,14,13
1,10/5/2023,7:14,14,14.286
1,10/5/2023,7:19,14,13.5
1,10/5/2023,7:24,14,10.786
1,10/5/2023,7:29,14,10.5
1,10/5/2023,7:34,14,11
1,10/5/2023,7:39,14,8.786
1,10/5/2023,7:44,14,13.929
1,10/5/2023,7:49,14,9.429
1,10/5/2023,7:54,14,10.286
1,10/5/2023,7:59,14,10.214
1,10/5/2023,8:04,14,11.714
1,10/5/2023,8:09,14,12.5
1,10/5/2023,8:14,14,10.286
1,10/5/2023,8:19,14,8.071
1,10/5/2023,8:24,14,7.357
1,10/5/2023,8:29,14,6.143
1,10/5/2023,8:34,14,6.786
1,10/5/2023,8:39,14,5.714
1,10/5/2023,8:44,14,6.357
1,10/5/2023,8:49,14,6
1,10/5/2023,8:54,14,6
1,10/5/2023,8:59,14,5.714
1,10/5/2023,9:04,14,5.929
1,10/5/2023,9:09,14,6.643
1,10/5/2023,9:14,14,6.071
1,10/5/2023,9:19,14,6
1,10/5/2023,9:24,14,6
1,10/5/2023,9:29,14,5.857
1,10/5/2023,9:34,14,5.143
1,10/5/2023,9:39,14,5.857
1,10/5/2023,9:44,14,6.286
1,10/5/2023,9:49,14,6
1,10/5/2023,9:54,14,6.143
1,10/5/2023,9:59,14,7
1,10/5/2023,10:04,14,7.214
1,10/5/2023,10:09,14,14.5
1,10/5/2023,10:14,14,14.357
1,10/5/2023,10:19,14,8.5
1,10/5/2023,10:24,14,7.143
1,10/5/2023,10:29,14,7.429
1,10/5/2023,10:34,14,7.143
1,10/5/2023,10:39,14,6.357
1,10/5/2023,10:44,14,7.714
1,10/5/2023,10:49,14,9.286
1,10/5/2023,10:54,14,10.714
1,10/5/2023,10:59,14,10.857
1,10/5/2023,11:04,14,8.214
1,10/5/2023,11:09,14,10
1,10/5/2023,11:14,14,8.429
1,10/5/2023,11:19,14,7.929
1,10/5/2023,11:24,14,6.786
1,10/5/2023,11:29,14,5.857
1,10/5/2023,11:34,14,5.429
1,10/5/2023,11:39,14,5.929
1,10/5/2023,11:44,14,6
1,10/5/2023,11:49,14,7.214
1,10/5/2023,11:54,14,7.143
1,10/5/2023,11:59,14,6.429
1,10/5/2023,12:04,14,6.5
1,10/5/2023,12:09,14,6.929
1,10/5/2023,12:14,14,6.786
1,10/5/2023,12:19,14,6.714
1,10/5/2023,12:24,14,6.786
1,10/5/2023,12:29,14,6.571
1,10/5/2023,12:34,14,5.786
1,10/5/2023,12:39,14,6.286
1,10/5/2023,12:44,14,6.143
1,10/5/2023,12:49,14,6.357
1,10/5/2023,12:54,14,7
1,10/5/2023,12:59,14,6.857
1,10/5/2023,13:04,14,7.214
1,10/5/2023,13:09,14,7.286
1,10/5/2023,13:14,14,6.786
1,10/5/2023,13:19,14,6.357
1,10/5/2023,13:24,14,6.786
1,10/5/2023,13:29,14,12.857
1,10/5/2023,13:34,14,14.571
1,10/5/2023,13:39,14,13.429
1,10/5/2023,13:44,14,10.857
1,10/5/2023,13:49,14,12.714
1,10/5/2023,13:54,14,7
1,10/5/2023,13:59,14,6.714
1,10/5/2023,14:04,14,5.429
1,10/5/2023,14:09,14,5.786
1,10/5/2023,14:14,14,5.857
1,10/5/2023,14:19,14,6.357
1,10/5/2023,14:24,14,6.714
1,10/5/2023,14:29,14,8.286
1,10/5/2023,14:34,14,13.5
1,10/5/2023,14:39,14,16.286
1,10/5/2023,14:44,14,11.143
1,10/5/2023,14:49,14,8
1,10/5/2023,14:54,14,6.143
1,10/5/2023,14:59,14,5.357
1,10/5/2023,15:04,14,4.643
1,10/5/2023,15:09,14,4
1,10/5/2023,15:14,14,4.214
1,10/5/2023,15:19,14,4.214
1,10/5/2023,15:24,14,5.714
1,10/5/2023,15:29,14,5.429
1,10/5/2023,15:34,14,5.429
1,10/5/2023,15:39,14,6.643
1,10/5/2023,15:44,14,7
1,10/5/2023,15:49,14,4.857
1,10/5/2023,15:54,14,3.929
1,10/5/2023,15:59,14,5.071
1,10/5/2023,16:04,14,5.071
1,10/5/2023,16:09,14,4.786
1,10/5/2023,16:14,14,4.714
1,10/5/2023,16:19,14,4.714
1,10/5/2023,16:24,14,6
1,10/5/2023,16:29,14,7.071
1,10/5/2023,16:34,14,8.286
1,10/5/2023,16:39,14,8.071
1,10/5/2023,16:44,14,5.429
1,10/5/2023,16:49,14,5.429
1,10/5/2023,16:54,14,4.857
1,10/5/2023,16:59,14,4.857
1,10/5/2023,17:04,14,5.214
1,10/5/2023,17:09,14,5.714
1,10/5/2023,17:14,14,5.214
1,10/5/2023,17:19,14,5.571
1,10/5/2023,17:24,14,5.214
1,10/5/2023,17:29,14,4.143
1,10/5/2023,17:34,14,4.929
1,10/5/2023,17:39,14,4.071
1,10/5/2023,17:44,14,4.714
1,10/5/2023,17:49,14,3.857
1,10/5/2023,17:54,14,3.5
1,10/5/2023,17:59,14,3.071
1,10/5/2023,18:04,14,2.5
1,10/5/2023,18:09,14,3.929
1,10/5/2023,18:14,14,4.214
1,10/5/2023,18:19,14,4.714
1,10/5/2023,18:24,14,3.643
1,10/5/2023,18:29,14,5.286
1,10/5/2023,18:34,14,4.714
1,10/5/2023,18:39,14,4.214
1,10/5/2023,18:44,14,3.571
1,10/5/2023,18:49,14,4.5
1,10/5/2023,18:54,14,4.714
1,10/5/2023,18:59,14,4.643
1,10/5/2023,19:04,14,4.214
1,10/5/2023,19:09,14,4.357
1,10/5/2023,19:14,14,3.357
1,10/5/2023,19:19,14,2.857
1,10/5/2023,19:24,14,3.286
1,10/5/2023,19:29,14,2.929
1,10/5/2023,19:34,14,4.5
1,10/5/2023,19:39,14,5
1,10/5/2023,19:44,14,4.5
1,10/5/2023,19:49,14,5.357
1,10/5/2023,19:54,14,5.357
1,10/5/2023,19:59,14,4.643
1,10/5/2023,20:04,14,4.786
1,10/5/2023,20:09,14,5.571
1,10/5/2023,20:14,14,4.929
1,10/5/2023,20:19,14,5.357
1,10/5/2023,20:24,14,4.929
1,10/5/2023,20:29,14,5.214
1,10/5/2023,20:34,14,4.929
1,10/5/2023,20:39,14,4.429
1,10/5/2023,20:44,14,5.571
1,10/5/2023,20:49,14,5.5
1,10/5/2023,20:54,14,5.286
1,10/5/2023,20:59,14,5.071
1,10/5/2023,21:04,14,4.429
1,10/5/2023,21:09,14,4.571
1,10/5/2023,21:14,14,3.5
1,10/5/2023,21:19,14,4.071
1,10/5/2023,21:24,14,4
1,10/5/2023,21:29,14,3.571
1,10/5/2023,21:34,14,3.714
1,10/5/2023,21:39,14,4.857
1,10/5/2023,21:44,14,4.214
1,10/5/2023,21:49,14,3.929
1,10/5/2023,21:54,14,4.357
1,10/5/2023,21:59,14,4.214
1,10/5/2023,22:04,14,4.357
1,10/5/2023,22:09,14,3.786
1,10/5/2023,22:14,14,4
1,10/5/2023,22:19,14,4.5
1,10/5/2023,22:24,14,4.571
1,10/5/2023,22:29,14,4.5
1,10/5/2023,22:34,14,4.357
1,10/5/2023,22:39,14,4.571
1,10/5/2023,22:44,14,3.5
1,10/5/2023,22:49,14,4.071
1,10/5/2023,22:54,14,4.143
1,10/5/2023,22:59,14,4.5
1,10/5/2023,23:04,14,4.429
1,10/5/2023,23:09,14,5
1,10/5/2023,23:14,14,5.286
1,10/5/2023,23:19,14,5.857
1,10/5/2023,23:24,14,5.643
1,10/5/2023,23:29,14,5.929
1,10/5/2023,23:34,14,5.5
1,10/5/2023,23:39,14,5.286
1,10/5/2023,23:44,14,3.857
1,10/5/2023,23:49,14,3.929
1,10/5/2023,23:54,14,4
1,10/12/2023,0:04,14,6.143
1,10/12/2023,0:09,14,6.643
1,10/12/2023,0:14,14,7.214
1,10/12/2023,0:19,14,7.071
1,10/12/2023,0:24,14,8.429
1,10/12/2023,0:29,14,6.571
1,10/12/2023,0:34,14,6.786
1,10/12/2023,0:39,14,9
1,10/12/2023,0:44,14,15.929
1,10/12/2023,0:49,14,7.714
1,10/12/2023,0:54,14,6.429
1,10/12/2023,0:59,14,6.357
1,10/12/2023,1:04,14,6.286
1,10/12/2023,1:09,14,6
1,10/12/2023,1:14,14,5.929
1,10/12/2023,1:19,14,6.429
1,10/12/2023,1:24,14,6.929
1,10/12/2023,1:29,14,5.857
1,10/12/2023,1:34,14,6.214
1,10/12/2023,1:39,14,6
1,10/12/2023,1:44,14,5.643
1,10/12/2023,1:49,14,5.643
1,10/12/2023,1:54,14,5.643
1,10/12/2023,1:59,14,6.786
1,10/12/2023,2:04,14,6.071
1,10/12/2023,2:09,14,5.714
1,10/12/2023,2:14,14,6.929
1,10/12/2023,2:19,14,6.071
1,10/12/2023,2:24,14,6.214
1,10/12/2023,2:29,14,6.714
1,10/12/2023,2:34,14,7
1,10/12/2023,2:39,14,6.714
1,10/12/2023,2:44,14,6.714
1,10/12/2023,2:49,14,6.071
1,10/12/2023,2:54,14,5.286
1,10/12/2023,2:59,14,4.286
1,10/12/2023,3:04,14,4.857
1,10/12/2023,3:09,14,5.071
1,10/12/2023,3:14,14,4.714
1,10/12/2023,3:19,14,6.143
1,10/12/2023,3:24,14,5.571
1,10/12/2023,3:29,14,6.071
1,10/12/2023,3:34,14,5.214
1,10/12/2023,3:39,14,4.571
1,10/12/2023,3:44,14,4
1,10/12/2023,3:49,14,4.643
1,10/12/2023,3:54,14,4.714
1,10/12/2023,3:59,14,5.143
1,10/12/2023,4:04,14,4.857
1,10/12/2023,4:09,14,4.357
1,10/12/2023,4:14,14,4
1,10/12/2023,4:19,14,3.571
1,10/12/2023,4:24,14,3.5
1,10/12/2023,4:29,14,3.429
1,10/12/2023,4:34,14,3.214
1,10/12/2023,4:39,14,3.643
1,10/12/2023,4:44,14,4
1,10/12/2023,4:49,14,4.214
1,10/12/2023,4:54,14,4.286
1,10/12/2023,4:59,14,4.429
1,10/12/2023,5:04,14,4.643
1,10/12/2023,5:09,14,5.5
1,10/12/2023,5:14,14,5.571
1,10/12/2023,5:19,14,5.857
1,10/12/2023,5:24,14,5.286
1,10/12/2023,5:29,14,4.786
1,10/12/2023,5:34,14,5.286
1,10/12/2023,5:39,14,4.643
1,10/12/2023,5:44,14,5.071
1,10/12/2023,5:49,14,4.643
1,10/12/2023,5:54,14,4.857
1,10/12/2023,5:59,14,4.429
1,10/12/2023,6:04,14,4.571
1,10/12/2023,6:09,14,4.714
1,10/12/2023,6:14,14,4.857
1,10/12/2023,6:19,14,4.714
1,10/12/2023,6:24,14,5.714
1,10/12/2023,6:29,14,5.929
1,10/12/2023,6:34,14,5.929
1,10/12/2023,6:39,14,6.5
1,10/12/2023,6:44,14,6.357
1,10/12/2023,6:49,14,6.571
1,10/12/2023,6:54,14,6.786
1,10/12/2023,6:59,14,6.857
1,10/12/2023,7:04,14,6.714
1,10/12/2023,7:09,14,6.429
1,10/12/2023,7:14,14,6.286
1,10/12/2023,7:19,14,6.5
1,10/12/2023,7:24,14,6.214
1,10/12/2023,7:29,14,4.786
1,10/12/2023,7:34,14,5.214
1,10/12/2023,7:39,14,6.214
1,10/12/2023,7:44,14,5.429
1,10/12/2023,7:49,14,4.5
1,10/12/2023,7:54,14,4.143
1,10/12/2023,7:59,14,3.429
1,10/12/2023,8:04,14,3.786
1,10/12/2023,8:09,14,3.643
1,10/12/2023,8:14,14,3.929
1,10/12/2023,8:19,14,4.571
1,10/12/2023,8:24,14,5.429
1,10/12/2023,8:29,14,4.786
1,10/12/2023,8:34,14,5
1,10/12/2023,8:39,14,5.286
1,10/12/2023,8:44,14,5.143
1,10/12/2023,8:49,14,3.714
1,10/12/2023,8:54,14,3.714
1,10/12/2023,8:59,14,4
1,10/12/2023,9:04,14,4.143
1,10/12/2023,9:09,14,4.429
1,10/12/2023,9:14,14,5
1,10/12/2023,9:19,14,5.357
1,10/12/2023,9:24,14,5.714
1,10/12/2023,9:29,14,5.214
1,10/12/2023,9:34,14,5.143
1,10/12/2023,9:39,14,5.071
1,10/12/2023,9:44,14,5.5
1,10/12/2023,9:49,14,5.214
1,10/12/2023,9:54,14,5.357
1,10/12/2023,9:59,14,5.357
1,10/12/2023,10:04,14,5.214
1,10/12/2023,10:09,14,5.143
1,10/12/2023,10:14,14,4.929
1,10/12/2023,10:19,14,5.929
1,10/12/2023,10:24,14,5.357
1,10/12/2023,10:29,14,5.143
1,10/12/2023,10:34,14,4.643
1,10/12/2023,10:39,14,4.929
1,10/12/2023,10:44,14,4.571
1,10/12/2023,10:49,14,4.429
1,10/12/2023,10:54,14,4.714
1,10/12/2023,10:59,14,5.286
1,10/12/2023,11:04,14,5.286
1,10/12/2023,11:09,14,4.571
1,10/12/2023,11:14,14,4.929
1,10/12/2023,11:19,14,5.071
1,10/12/2023,11:24,14,6.429
1,10/12/2023,11:29,14,7.071
1,10/12/2023,11:34,14,6.643
1,10/12/2023,11:39,14,6.786
1,10/12/2023,11:44,14,6
1,10/12/2023,11:49,14,5.714
1,10/12/2023,11:54,14,5.786
1,10/12/2023,11:59,14,5.643
1,10/12/2023,12:04,14,5.857
1,10/12/2023,12:09,14,6.429
1,10/12/2023,12:14,14,6.143
1,10/12/2023,12:19,14,6.286
1,10/12/2023,12:24,14,6.214
1,10/12/2023,12:29,14,6.714
1,10/12/2023,12:34,14,7
1,10/12/2023,12:39,14,6.643
1,10/12/2023,12:44,14,6
1,10/12/2023,12:49,14,5.714
1,10/12/2023,12:54,14,6.143
1,10/12/2023,12:59,14,5.786
1,10/12/2023,13:04,14,6.071
1,10/12/2023,13:09,14,6.143
1,10/12/2023,13:14,14,5.429
1,10/12/2023,13:19,14,5.214
1,10/12/2023,13:24,14,5.143
1,10/12/2023,13:29,14,5.143
1,10/12/2023,13:34,14,5
1,10/12/2023,13:39,14,4.714
1,10/12/2023,13:44,14,4.429
1,10/12/2023,13:49,14,4.143
1,10/12/2023,13:54,14,4.786
1,10/12/2023,13:59,14,5.429
1,10/12/2023,14:04,14,5.571
1,10/12/2023,14:09,14,4.714
1,10/12/2023,14:14,14,4
1,10/12/2023,14:19,14,4.071
1,10/12/2023,14:24,14,4.786
1,10/12/2023,14:29,14,4.429
1,10/12/2023,14:34,14,4.571
1,10/12/2023,14:39,14,4.643
1,10/12/2023,14:44,14,5
1,10/12/2023,14:49,14,4.429
1,10/12/2023,14:54,14,4.429
1,10/12/2023,14:59,14,4.286
1,10/12/2023,15:04,14,4.429
1,10/12/2023,15:09,14,4.143
1,10/12/2023,15:14,14,3.714
1,10/12/2023,15:19,14,4.286
1,10/12/2023,15:24,14,4.714
1,10/12/2023,15:29,14,4.143
1,10/12/2023,15:34,14,4.357
1,10/12/2023,15:39,14,3.786
1,10/12/2023,15:44,14,3.5
1,10/12/2023,15:49,14,3.714
1,10/12/2023,15:54,14,4.429
1,10/12/2023,15:59,14,4.143
1,10/12/2023,16:04,14,3.214
1,10/12/2023,16:09,14,3
1,10/12/2023,16:14,14,3.857
1,10/12/2023,16:19,14,4.5
1,10/12/2023,16:24,14,4.286
1,10/12/2023,16:29,14,3.643
1,10/12/2023,16:34,14,4.714
1,10/12/2023,16:39,14,5.571
1,10/12/2023,16:44,14,5.357
1,10/12/2023,16:49,14,8.714
1,10/12/2023,16:54,14,12.429
1,10/12/2023,16:59,14,16.929
1,10/12/2023,17:04,14,17.929
1,10/12/2023,17:09,14,20.071
1,10/12/2023,17:14,14,14.429
1,10/12/2023,17:19,14,14.571
1,10/12/2023,17:24,14,14.929
1,10/12/2023,17:29,14,13.643
1,10/12/2023,17:34,14,4.929
1,10/12/2023,17:39,14,3.286
1,10/12/2023,17:44,14,3.929
1,10/12/2023,17:49,14,3.714
1,10/12/2023,17:54,14,4.286
1,10/12/2023,17:59,14,4.214
1,10/12/2023,18:04,14,3.714
1,10/12/2023,18:09,14,4
1,10/12/2023,18:14,14,6.286
1,10/12/2023,18:19,14,7.286
1,10/12/2023,18:24,14,4.286
1,10/12/2023,18:29,14,5.429
1,10/12/2023,18:34,14,2.5
1,10/12/2023,18:39,14,3.357
1,10/12/2023,18:44,14,3.857
1,10/12/2023,18:49,14,5
1,10/12/2023,18:54,14,4.286
1,10/12/2023,18:59,14,4.786
1,10/12/2023,19:04,14,4.643
1,10/12/2023,19:09,14,5.429
1,10/12/2023,19:14,14,5.357
1,10/12/2023,19:19,14,3.5
1,10/12/2023,19:24,14,3.571
1,10/12/2023,19:29,14,4
1,10/12/2023,19:34,14,4.857
1,10/12/2023,19:39,14,4
1,10/12/2023,19:44,14,4.286
1,10/12/2023,19:49,14,4.571
1,10/12/2023,19:54,14,5.429
1,10/12/2023,19:59,14,4.571
1,10/12/2023,20:04,14,3.571
1,10/12/2023,20:09,14,3.857
1,10/12/2023,20:14,14,4
1,10/12/2023,20:19,14,6.286
1,10/12/2023,20:24,14,5.714
1,10/12/2023,20:29,14,5.357
1,10/12/2023,20:34,14,6.571
1,10/12/2023,20:39,14,6.429
1,10/12/2023,20:44,14,7.429
1,10/12/2023,20:49,14,6.643
1,10/12/2023,20:54,14,6
1,10/12/2023,20:59,14,6.357
1,10/12/2023,21:04,14,6.929
1,10/12/2023,21:09,14,6.571
1,10/12/2023,21:14,14,6.143
1,10/12/2023,21:19,14,5.071
1,10/12/2023,21:24,14,4.5
1,10/12/2023,21:29,14,4.429
1,10/12/2023,21:39,14,3.714
1,10/12/2023,21:44,14,3.929
1,10/12/2023,21:49,14,4.143
1,10/12/2023,21:54,14,4.5
1,10/12/2023,21:59,14,3.786
1,10/12/2023,22:04,14,3.286
1,10/12/2023,22:09,14,4
1,10/12/2023,22:14,14,4.571
1,10/12/2023,22:19,14,4.357
1,10/12/2023,22:24,14,4.643
1,10/12/2023,22:29,14,6.357
1,10/12/2023,22:34,14,5.786
1,10/12/2023,22:39,14,5.571
1,10/12/2023,22:44,14,5.786
1,10/12/2023,22:49,14,5.786
1,10/12/2023,22:54,14,4.929
1,10/12/2023,22:59,14,5.714
1,10/12/2023,23:04,14,5.714
1,10/12/2023,23:09,14,5.429
1,10/12/2023,23:14,14,5.643
1,10/12/2023,23:19,14,5.714
1,10/12/2023,23:24,14,5.357
1,10/12/2023,23:29,14,5.357
1,10/12/2023,23:34,14,5.786
1,10/12/2023,23:39,14,5.5
1,10/12/2023,23:44,14,4.286
1,10/12/2023,23:49,14,4.5
1,11/5/2023,23:54,14,8.643
1,11/5/2023,23:59,14,8.214
1,11/6/2023,0:04,14,8.571
1,11/6/2023,0:09,14,7.714
1,11/6/2023,0:14,14,7.857
1,11/6/2023,0:19,14,8.214
1,11/6/2023,0:24,14,7.571
1,11/6/2023,0:29,14,7.929
1,11/6/2023,0:34,14,8.143
1,11/6/2023,0:39,14,8.214
1,11/6/2023,0:44,14,8.214
1,11/6/2023,0:49,14,8.643
1,11/6/2023,0:54,14,8.714
1,11/6/2023,0:59,14,9.357
1,11/6/2023,1:04,14,9.714
1,11/6/2023,1:09,14,10.071
1,11/6/2023,1:14,14,10.071
1,11/6/2023,1:19,14,9.357
1,11/6/2023,1:24,14,9.071
1,11/6/2023,1:29,14,9.357
1,11/6/2023,1:34,14,9.643
1,11/6/2023,1:39,14,10.214
1,11/6/2023,1:44,14,9.857
1,11/6/2023,1:49,14,10.071
1,11/6/2023,1:54,14,9.929
1,11/6/2023,1:59,14,10.786
1,11/6/2023,2:04,14,10.571
1,11/6/2023,2:09,14,9.214
1,11/6/2023,2:14,14,9.357
1,11/6/2023,2:19,14,9
1,11/6/2023,2:24,14,9.286
1,11/6/2023,2:29,14,8.714
1,11/6/2023,2:34,14,8.286
1,11/6/2023,2:39,14,8.643
1,11/6/2023,2:44,14,8.286
1,11/6/2023,2:49,14,8.286
1,11/6/2023,2:54,14,8.143
1,11/6/2023,2:59,14,8.214
1,11/6/2023,3:04,14,8.357
1,11/6/2023,3:09,14,8.643
1,11/6/2023,3:14,14,8.286
1,11/6/2023,3:19,14,8.286
1,11/6/2023,3:24,14,7.786
1,11/6/2023,3:29,14,8.214
1,11/6/2023,3:34,14,7.857
1,11/6/2023,3:39,14,7.786
1,11/6/2023,3:44,14,7.857
1,11/6/2023,3:49,14,8
1,11/6/2023,3:54,14,7.071
1,11/6/2023,3:59,14,8
1,11/6/2023,4:04,14,7.357
1,11/6/2023,4:09,14,7.714
1,11/6/2023,4:14,14,7.5
1,11/6/2023,4:19,14,7.357
1,11/6/2023,4:24,14,7.786
1,11/6/2023,4:29,14,8.214
1,11/6/2023,4:34,14,8.071
1,11/6/2023,4:39,14,8.286
1,11/6/2023,4:44,14,7.786
1,11/6/2023,4:49,14,7.429
1,11/6/2023,4:54,14,6.929
1,11/6/2023,4:59,14,6.5
1,11/6/2023,5:04,14,6.071
1,11/6/2023,5:09,14,6.5
1,11/6/2023,5:14,14,5.857
1,11/6/2023,5:19,14,5.286
1,11/6/2023,5:24,14,5.286
1,11/6/2023,5:29,14,5.5
1,11/6/2023,5:34,14,6
1,11/6/2023,5:39,14,5.857
1,11/6/2023,5:44,14,5.357
1,11/6/2023,5:49,14,5.286
1,11/6/2023,5:54,14,5.571
1,11/6/2023,5:59,14,5.714
1,11/6/2023,6:04,14,5.071
1,11/6/2023,6:09,14,5.214
1,11/6/2023,6:14,14,6
1,11/6/2023,6:19,14,6
1,11/6/2023,6:24,14,5.286
1,11/6/2023,6:29,14,5.5
1,11/6/2023,6:34,14,5.929
1,11/6/2023,6:39,14,6
1,11/6/2023,6:44,14,5.429
1,11/6/2023,6:49,14,6.357
1,11/6/2023,6:54,14,6.357
1,11/6/2023,6:59,14,6.143
1,11/6/2023,7:04,14,5.929
1,11/6/2023,7:09,14,5.929
1,11/6/2023,7:14,14,6
1,11/6/2023,7:19,14,5.286
1,11/6/2023,7:24,14,5.286
1,11/6/2023,7:29,14,4.571
1,11/6/2023,7:34,14,4.5
1,11/6/2023,7:39,14,4.143
1,11/6/2023,7:44,14,3.714
1,11/6/2023,7:49,14,5.071
1,11/6/2023,7:54,14,4.929
1,11/6/2023,7:59,14,4.286
1,11/6/2023,8:04,14,4.5
1,11/6/2023,8:09,14,5.714
1,11/6/2023,8:14,14,6.5
1,11/6/2023,8:19,14,6
1,11/6/2023,8:24,14,5.214
1,11/6/2023,8:29,14,5.429
1,11/6/2023,8:34,14,5.143
1,11/6/2023,8:39,14,5.071
1,11/6/2023,8:44,14,5.571
1,11/6/2023,8:49,14,5.071
1,11/6/2023,8:54,14,5.071
1,11/6/2023,8:59,14,4.286
1,11/6/2023,9:04,14,4.5
1,11/6/2023,9:09,14,4
1,11/6/2023,9:14,14,4.857
1,11/6/2023,9:19,14,4.786
1,11/6/2023,9:24,14,5.429
1,11/6/2023,9:29,14,5.5
1,11/6/2023,9:34,14,5.143
1,11/6/2023,9:39,14,4.5
1,11/6/2023,9:44,14,5
1,11/6/2023,9:49,14,5.143
1,11/6/2023,9:54,14,5.286
1,11/6/2023,9:59,14,4.571
1,11/6/2023,10:04,14,4.857
1,11/6/2023,10:09,14,5.5
1,11/6/2023,10:14,14,6.143
1,11/6/2023,10:19,14,6.571
1,11/6/2023,10:24,14,6.571
1,11/6/2023,10:29,14,6.429
1,11/6/2023,10:34,14,6.5
1,11/6/2023,10:39,14,6.071
1,11/6/2023,10:44,14,6.714
1,11/6/2023,10:49,14,6.571
1,11/6/2023,10:54,14,6.429
1,11/6/2023,10:59,14,6.571
1,11/6/2023,11:04,14,7.286
1,11/6/2023,11:09,14,8
1,11/6/2023,11:14,14,7
1,11/6/2023,11:19,14,6.929
1,11/6/2023,11:24,14,6.429
1,11/6/2023,11:29,14,6.5
1,11/6/2023,11:34,14,7.714
1,11/6/2023,11:39,14,7.786
1,11/6/2023,11:44,14,7.929
1,11/6/2023,11:49,14,8.143
1,11/6/2023,11:54,14,7.571
1,11/6/2023,11:59,14,7.786
1,11/6/2023,12:04,14,7.571
1,11/6/2023,12:09,14,7.571
1,11/6/2023,12:14,14,8.143
1,11/6/2023,12:19,14,8.429
1,11/6/2023,12:24,14,8.643
1,11/6/2023,12:29,14,8.643
1,11/6/2023,12:34,14,8.857
1,11/6/2023,12:39,14,9.071
1,11/6/2023,12:39,14,9.071
1,11/6/2023,12:39,14,9.071
1,11/6/2023,12:39,14,9.071
1,11/6/2023,12:39,14,9.071
1,11/6/2023,13:04,14,8.214
1,11/6/2023,13:09,14,8.429
1,11/6/2023,13:14,14,7.429
1,11/6/2023,13:19,14,7.5
1,11/6/2023,13:24,14,8
1,11/6/2023,13:29,14,7.786
1,11/6/2023,13:34,14,7.786
1,11/6/2023,13:39,14,7.357
1,11/6/2023,13:44,14,7.357
1,11/6/2023,13:49,14,6.786
1,11/6/2023,13:54,14,7.143
1,11/6/2023,13:59,14,6.643
1,11/6/2023,14:04,14,6.429
1,11/6/2023,14:09,14,6.786
1,11/6/2023,14:09,14,6.786
1,11/6/2023,14:14,14,6.857
1,11/6/2023,14:24,14,7.143
1,11/6/2023,14:24,14,7.143
1,11/6/2023,14:29,14,8.071
1,11/6/2023,14:34,14,8.214
1,11/6/2023,14:44,14,7.571
1,11/6/2023,14:49,14,7.857
1,11/6/2023,14:54,14,7.786
1,11/6/2023,14:59,14,8.214
1,11/6/2023,15:04,14,8.143
1,11/6/2023,15:09,14,7.786
1,11/6/2023,15:14,14,7.429
1,11/6/2023,15:19,14,7.857
1,11/6/2023,15:24,14,8.5
1,11/6/2023,15:29,14,8.571
1,11/6/2023,15:34,14,9.5
1,11/6/2023,15:39,14,9
1,11/6/2023,15:44,14,8.143
1,11/6/2023,15:49,14,8.857
1,11/6/2023,15:54,14,8.143
1,11/6/2023,15:59,14,7.857
1,11/6/2023,16:04,14,8.214
1,11/6/2023,16:09,14,7.786
1,11/6/2023,16:14,14,7.357
1,11/6/2023,16:19,14,6.929
1,11/6/2023,16:24,14,6.571
1,11/6/2023,16:29,14,6.143
1,11/6/2023,16:34,14,6.357
1,11/6/2023,16:39,14,6.786
1,11/6/2023,16:44,14,6.857
1,11/6/2023,16:49,14,6.429
1,11/6/2023,16:54,14,6.286
1,11/6/2023,16:59,14,6.929
1,11/6/2023,17:04,14,7.214
1,11/6/2023,17:09,14,6.786
1,11/6/2023,17:14,14,7.143
1,11/6/2023,17:19,14,7.5
1,11/6/2023,17:24,14,7.929
1,11/6/2023,17:29,14,7.714
1,11/6/2023,17:34,14,7.786
1,11/6/2023,17:39,14,7.429
1,11/6/2023,17:44,14,7.214
1,11/6/2023,17:49,14,7.857
1,11/6/2023,17:54,14,7.714
1,11/6/2023,17:59,14,7.643
1,11/6/2023,18:04,14,8
1,11/6/2023,18:09,14,6.929
1,11/6/2023,18:14,14,6.786
1,11/6/2023,18:19,14,6.429
1,11/6/2023,18:24,14,6.571
1,11/6/2023,18:29,14,6.643
1,11/6/2023,18:34,14,6.643
1,11/6/2023,18:39,14,6.714
1,11/6/2023,18:44,14,6.714
1,11/6/2023,18:49,14,5.714
1,11/6/2023,18:54,14,6.071
1,11/6/2023,18:59,14,6.071
1,11/6/2023,19:04,14,6.714
1,11/6/2023,19:09,14,6.571
1,11/6/2023,19:14,14,6.714
1,11/6/2023,19:19,14,6.071
1,11/6/2023,19:24,14,6.357
1,11/6/2023,19:29,14,6.214
1,11/6/2023,19:34,14,6.714
1,11/6/2023,19:39,14,5.929
1,11/6/2023,19:44,14,6.071
1,11/6/2023,19:49,14,5.714
1,11/6/2023,19:54,14,6.357
1,11/6/2023,19:59,14,5.929
1,11/6/2023,20:04,14,5.929
1,11/6/2023,20:09,14,5.643
1,11/6/2023,20:14,14,5.929
1,11/6/2023,20:19,14,5.929
1,11/6/2023,20:24,14,6.929
1,11/6/2023,20:29,14,7.143
1,11/6/2023,20:34,14,7.143
1,11/6/2023,20:39,14,7.786
1,11/6/2023,20:44,14,8.643
1,11/6/2023,20:49,14,8.643
1,11/6/2023,20:54,14,8.143
1,11/6/2023,20:59,14,8.786
1,11/6/2023,21:04,14,8.214
1,11/6/2023,21:09,14,8.5
1,11/6/2023,21:14,14,8
1,11/6/2023,21:19,14,7.143
1,11/6/2023,21:24,14,7.071
1,11/6/2023,21:29,14,8.071
1,11/6/2023,21:34,14,8.357
1,11/6/2023,21:39,14,8.5
1,11/6/2023,21:44,14,7.357
1,11/6/2023,21:49,14,7.143
1,11/6/2023,21:54,14,6.429
1,11/6/2023,21:59,14,5.929
1,11/6/2023,22:04,14,6.286
1,11/6/2023,22:09,14,6.714
1,11/6/2023,22:14,14,6.5
1,11/6/2023,22:19,14,6.929
1,11/6/2023,22:24,14,6.714
1,11/6/2023,22:29,14,7.071
1,11/6/2023,22:34,14,6.714
1,11/6/2023,22:39,14,7.5
1,11/6/2023,22:44,14,6.786
1,11/6/2023,22:49,14,7.143
1,11/6/2023,22:54,14,7.571
1,11/6/2023,22:59,14,7.571
1,11/6/2023,23:04,14,7.5
1,11/6/2023,23:09,14,7
1,11/6/2023,23:14,14,6.429
1,11/6/2023,23:19,14,6.857
1,11/6/2023,23:24,14,6.5
1,11/6/2023,23:29,14,7.214
1,11/6/2023,23:34,14,6.714
1,11/6/2023,23:39,14,6.5
1,11/6/2023,23:44,14,7
1,11/6/2023,23:49,14,6.643
1,11/6/2023,23:54,14,6.429
1,12/11/2023,0:04,14,7.429
1,12/11/2023,0:14,14,8.643
1,12/11/2023,0:24,14,12.857
1,12/11/2023,0:34,14,21.143
1,12/11/2023,0:44,14,9.786
1,12/11/2023,0:54,14,5.643
1,12/11/2023,1:04,14,6.429
1,12/11/2023,1:14,14,9.929
1,12/11/2023,1:24,14,8.643
1,12/11/2023,1:34,14,10.5
1,12/11/2023,1:44,14,7.286
1,12/11/2023,1:54,14,4.214
1,12/11/2023,2:04,14,6.214
1,12/11/2023,2:14,14,6.857
1,12/11/2023,2:24,14,4.429
1,12/11/2023,2:34,14,5.5
1,12/11/2023,2:44,14,6.286
1,12/11/2023,2:54,14,5.5
1,12/11/2023,3:04,14,4.286
1,12/11/2023,3:14,14,4.571
1,12/11/2023,3:24,14,4.714
1,12/11/2023,3:39,14,6.143
1,12/11/2023,3:44,14,6.286
1,12/11/2023,3:59,14,6.214
1,12/11/2023,4:04,14,9.071
1,12/11/2023,4:19,14,15.857
1,12/11/2023,4:24,14,16.214
1,12/11/2023,4:39,14,14.714
1,12/11/2023,4:44,14,13.786
1,12/11/2023,4:59,14,12.143
1,12/11/2023,5:04,14,12.214
1,12/11/2023,5:19,14,12.071
1,12/11/2023,5:24,14,12.857
1,12/11/2023,5:39,14,12.357
1,12/11/2023,5:44,14,14.143
1,12/11/2023,5:59,14,10.571
1,12/11/2023,6:04,14,8.857
1,12/11/2023,6:19,14,8.714
1,12/11/2023,6:24,14,9.5
1,12/11/2023,6:39,14,12.643
1,12/11/2023,6:44,14,11.143
1,12/11/2023,6:59,14,10.5
1,12/11/2023,7:04,14,11.571
1,12/11/2023,7:19,14,10.643
1,12/11/2023,7:24,14,10.071
1,12/11/2023,7:39,14,11.714
1,12/11/2023,7:44,14,12.714
1,12/11/2023,7:59,14,12.071
1,12/11/2023,8:04,14,11.929
1,12/11/2023,8:19,14,13.143
1,12/11/2023,8:24,14,12.286
1,12/11/2023,8:39,14,12.357
1,12/11/2023,8:44,14,12.5
1,12/11/2023,8:59,14,11.286
1,12/11/2023,9:04,14,10.571
1,12/11/2023,9:14,14,9.857
1,12/11/2023,9:19,14,9.286
1,12/11/2023,9:34,14,9.143
1,12/11/2023,9:39,14,10.643
1,12/11/2023,9:54,14,11
1,12/11/2023,9:59,14,12.286
1,12/11/2023,10:14,14,11.714
1,12/11/2023,10:19,14,12.357
1,12/11/2023,10:34,14,10.214
1,12/11/2023,10:39,14,9.929
1,12/11/2023,10:54,14,11.643
1,12/11/2023,10:59,14,10.429
1,12/11/2023,11:14,14,11
1,12/11/2023,11:19,14,10.714
1,12/11/2023,11:34,14,11.214
1,12/11/2023,11:39,14,11.071
1,12/11/2023,11:59,14,12.643
1,12/11/2023,11:59,14,12.643
1,12/11/2023,12:19,14,12.714
1,12/11/2023,12:19,14,12.714
1,12/11/2023,12:34,14,14
1,12/11/2023,12:39,14,13.5
1,12/11/2023,12:59,14,14.143
1,12/11/2023,12:59,14,14.143
1,12/11/2023,13:19,14,13.214
1,12/11/2023,13:19,14,13.214
1,12/11/2023,13:34,14,13.286
1,12/11/2023,13:39,14,13.643
1,12/11/2023,13:59,14,14
1,12/11/2023,13:59,14,14
1,12/11/2023,14:14,14,13.714
1,12/11/2023,14:19,14,13.143
1,12/11/2023,14:34,14,13.5
1,12/11/2023,14:39,14,14.143
1,12/11/2023,14:59,14,13.786
1,12/11/2023,14:59,14,13.786
1,12/11/2023,15:19,14,12.071
1,12/11/2023,15:29,14,12.143
1,12/11/2023,15:39,14,12.5
1,12/11/2023,15:49,14,12.429
1,12/11/2023,15:59,14,12.357
1,12/11/2023,16:04,14,12.857
1,12/11/2023,16:19,14,12.643
1,12/11/2023,16:29,14,12.929
1,12/11/2023,16:39,14,13.5
1,12/11/2023,16:44,14,14.214
1,12/11/2023,16:59,14,13.786
1,12/11/2023,17:09,14,13.786
1,12/11/2023,17:19,14,13.214
1,12/11/2023,17:29,14,13.5
1,12/11/2023,17:39,14,12.929
1,12/11/2023,17:49,14,12
1,12/11/2023,17:59,14,11.5
1,12/11/2023,18:09,14,12.357
1,12/11/2023,18:19,14,12.357
1,12/11/2023,18:24,14,11.071
1,12/11/2023,18:39,14,11.5
1,12/11/2023,18:44,14,11.214
1,12/11/2023,18:59,14,8.214
1,12/11/2023,19:04,14,8.5
1,12/11/2023,19:19,14,10.071
1,12/11/2023,19:24,14,9.929
1,12/11/2023,19:39,14,10.143
1,12/11/2023,19:44,14,9.929
1,12/11/2023,19:59,14,11.786
1,12/11/2023,20:04,14,10.714
1,12/11/2023,20:19,14,11.429
1,12/11/2023,20:24,14,11.786
1,12/11/2023,20:39,14,13.071
1,12/11/2023,20:44,14,13.357
1,12/11/2023,21:04,14,11.714
1,12/11/2023,21:09,14,11.071
1,12/11/2023,21:19,14,10.929
1,12/11/2023,21:29,14,10.929
1,12/11/2023,21:39,14,11.286
1,12/11/2023,21:44,14,11.357
1,12/11/2023,21:59,14,11.643
1,12/11/2023,22:09,14,12.357
1,12/11/2023,22:24,14,12.571
1,12/11/2023,22:29,14,12.5
1,12/11/2023,22:44,14,12.714
1,12/11/2023,22:49,14,12.571
1,12/11/2023,23:04,14,11.643
1,12/11/2023,23:04,14,11.643
1,12/11/2023,23:24,14,10.857
1,12/11/2023,23:29,14,10.714
1,12/11/2023,23:44,14,12.071
1,12/11/2023,23:44,14,12.071
1,2/12/2024,23:59,14,11.214
1,2/13/2024,0:04,14,11.5
1,2/13/2024,0:09,14,10.786
1,2/13/2024,0:14,14,11.214
1,2/13/2024,0:19,14,10.571
1,2/13/2024,0:24,14,11.786
1,2/13/2024,0:29,14,11.571
1,2/13/2024,0:34,14,11.214
1,2/13/2024,0:39,14,11.929
1,2/13/2024,0:44,14,12.786
1,2/13/2024,0:49,14,13.714
1,2/13/2024,0:54,14,14.286
1,2/13/2024,0:59,14,14
1,2/13/2024,1:04,14,14.643
1,2/13/2024,1:14,14,14.786
1,2/13/2024,1:19,14,14.571
1,2/13/2024,1:24,14,14.643
1,2/13/2024,1:29,14,14.357
1,2/13/2024,1:34,14,14.5
1,2/13/2024,1:39,14,13.929
1,2/13/2024,1:44,14,13.714
1,2/13/2024,1:49,14,13.357
1,2/13/2024,1:54,14,12.929
1,2/13/2024,1:59,14,12.643
1,2/13/2024,2:04,14,12.643
1,2/13/2024,2:09,14,13.857
1,2/13/2024,2:14,14,13.643
1,2/13/2024,2:19,14,12.643
1,2/13/2024,2:24,14,12.857
1,2/13/2024,2:29,14,12.429
1,2/13/2024,2:34,14,11.714
1,2/13/2024,2:39,14,10.714
1,2/13/2024,2:44,14,10.286
1,2/13/2024,2:49,14,9.786
1,2/13/2024,2:54,14,9.429
1,2/13/2024,2:59,14,10.143
1,2/13/2024,3:04,14,10.786
1,2/13/2024,3:09,14,11.643
1,2/13/2024,3:14,14,11.214
1,2/13/2024,3:19,14,10.286
1,2/13/2024,3:24,14,8.429
1,2/13/2024,3:29,14,8.143
1,2/13/2024,3:34,14,10
1,2/13/2024,3:39,14,7.857
1,2/13/2024,3:44,14,5.429
1,2/13/2024,3:49,14,4.786
1,2/13/2024,3:54,14,5.286
1,2/13/2024,3:59,14,7
1,2/13/2024,4:04,14,7.643
1,2/13/2024,4:09,14,8.571
1,2/13/2024,4:14,14,9.5
1,2/13/2024,4:19,14,10.214
1,2/13/2024,4:24,14,10.214
1,2/13/2024,4:29,14,9.714
1,2/13/2024,4:34,14,7.929
1,2/13/2024,4:39,14,7.643
1,2/13/2024,4:44,14,8.429
1,2/13/2024,4:49,14,8.714
1,2/13/2024,4:54,14,8.857
1,2/13/2024,4:59,14,9.786
1,2/13/2024,5:04,14,9.286
1,2/13/2024,5:09,14,9.143
1,2/13/2024,5:14,14,8.071
1,2/13/2024,5:19,14,7
1,2/13/2024,5:24,14,7.357
1,2/13/2024,5:29,14,6.857
1,2/13/2024,5:34,14,7.643
1,2/13/2024,5:39,14,7.286
1,2/13/2024,5:44,14,8.143
1,2/13/2024,5:49,14,8.429
1,2/13/2024,5:54,14,9.714
1,2/13/2024,5:59,14,8.929
1,2/13/2024,6:04,14,8.643
1,2/13/2024,6:09,14,8.357
1,2/13/2024,6:14,14,8.071
1,2/13/2024,6:19,14,8.429
1,2/13/2024,6:24,14,8.214
1,2/13/2024,6:29,14,8.286
1,2/13/2024,6:34,14,6.643
1,2/13/2024,6:39,14,6.714
1,2/13/2024,6:44,14,6.857
1,2/13/2024,6:49,14,6.143
1,2/13/2024,6:54,14,5.214
1,2/13/2024,6:59,14,5.286
1,2/13/2024,7:04,14,5.643
1,2/13/2024,7:09,14,6.357
1,2/13/2024,7:14,14,8.143
1,2/13/2024,7:19,14,8.071
1,2/13/2024,7:24,14,8.143
1,2/13/2024,7:29,14,8.5
1,2/13/2024,7:34,14,8.214
1,2/13/2024,7:39,14,8.429
1,2/13/2024,7:44,14,8.929
1,2/13/2024,7:49,14,9.571
1,2/13/2024,7:54,14,9.357
1,2/13/2024,7:59,14,9
1,2/13/2024,8:04,14,8.429
1,2/13/2024,8:09,14,7.929
1,2/13/2024,8:14,14,8.786
1,2/13/2024,8:19,14,10.857
1,2/13/2024,8:24,14,11.5
1,2/13/2024,8:29,14,12.643
1,2/13/2024,8:34,14,12.071
1,2/13/2024,8:39,14,10.786
1,2/13/2024,8:44,14,10.643
1,2/13/2024,8:49,14,10.5
1,2/13/2024,8:54,14,9.786
1,2/13/2024,8:59,14,8.786
1,2/13/2024,9:04,14,9.357
1,2/13/2024,9:09,14,9.857
1,2/13/2024,9:14,14,9
1,2/13/2024,9:19,14,8.929
1,2/13/2024,9:24,14,9.286
1,2/13/2024,9:29,14,9
1,2/13/2024,9:34,14,9.286
1,2/13/2024,9:39,14,8.286
1,2/13/2024,9:44,14,6.786
1,2/13/2024,9:49,14,7.571
1,2/13/2024,9:54,14,7.929
1,2/13/2024,9:59,14,7.286
1,2/13/2024,10:04,14,7.857
1,2/13/2024,10:09,14,8.286
1,2/13/2024,10:14,14,8
1,2/13/2024,10:19,14,9.214
1,2/13/2024,10:24,14,8.929
1,2/13/2024,10:29,14,9.143
1,2/13/2024,10:34,14,8.357
1,2/13/2024,10:39,14,8.857
1,2/13/2024,10:44,14,8.643
1,2/13/2024,10:49,14,8.357
1,2/13/2024,10:54,14,8.429
1,2/13/2024,10:59,14,7.929
1,2/13/2024,11:04,14,7.357
1,2/13/2024,11:09,14,6.643
1,2/13/2024,11:14,14,7.5
1,2/13/2024,11:19,14,8
1,2/13/2024,11:24,14,6.286
1,2/13/2024,11:29,14,7
1,2/13/2024,11:34,14,6.786
1,2/13/2024,11:39,14,6.143
1,2/13/2024,11:49,14,7.286
1,2/13/2024,11:49,14,7.286
1,2/13/2024,11:54,14,9
1,2/13/2024,11:59,14,8.5
1,2/13/2024,12:04,14,9.5
1,2/13/2024,12:09,14,8.643
1,2/13/2024,12:19,14,7.714
1,2/13/2024,12:19,14,7.714
1,2/13/2024,12:24,14,9.071
1,2/13/2024,12:29,14,9.5
1,2/13/2024,12:39,14,10.357
1,2/13/2024,12:39,14,10.357
1,2/13/2024,12:49,14,8.786
1,2/13/2024,12:49,14,8.786
1,2/13/2024,12:54,14,8.357
1,2/13/2024,12:59,14,7.857
1,2/13/2024,13:09,14,8.5
1,2/13/2024,13:19,14,7.286
1,2/13/2024,13:19,14,7.286
1,2/13/2024,13:24,14,7.357
1,2/13/2024,13:29,14,7.286
1,2/13/2024,13:34,14,7.643
1,2/13/2024,13:39,14,6.429
1,2/13/2024,13:44,14,7.571
1,2/13/2024,13:49,14,8.714
1,2/13/2024,13:54,14,9.643
1,2/13/2024,13:59,14,8.214
1,2/13/2024,14:04,14,9.714
1,2/13/2024,14:09,14,8.643
1,2/13/2024,14:19,14,8.5
1,2/13/2024,14:19,14,8.5
1,2/13/2024,14:24,14,6.786
1,2/13/2024,14:29,14,7.929
1,2/13/2024,14:39,14,8.214
1,2/13/2024,14:39,14,8.214
1,2/13/2024,14:44,14,7.357
1,2/13/2024,14:49,14,7.786
1,2/13/2024,14:54,14,7.714
1,2/13/2024,14:59,14,6.786
1,2/13/2024,15:09,14,7.643
1,2/13/2024,15:09,14,7.643
1,2/13/2024,15:14,14,7.357
1,2/13/2024,15:19,14,6.286
1,2/13/2024,15:29,14,6.714
1,2/13/2024,15:29,14,6.714
1,2/13/2024,15:39,14,7.143
1,2/13/2024,15:39,14,7.143
1,2/13/2024,15:44,14,7.286
1,2/13/2024,15:49,14,6.571
1,2/13/2024,15:54,14,7.5
1,2/13/2024,15:59,14,7.571
1,2/13/2024,16:09,14,8.143
1,2/13/2024,16:09,14,8.143
1,2/13/2024,16:14,14,8.357
1,2/13/2024,16:19,14,8.071
1,2/13/2024,16:24,14,8.357
1,2/13/2024,16:29,14,7.571
1,2/13/2024,16:34,14,8.214
1,2/13/2024,16:39,14,8.357
1,2/13/2024,16:49,14,8.786
1,2/13/2024,16:49,14,8.786
1,2/13/2024,16:54,14,8.929
1,2/13/2024,16:59,14,9.214
1,2/13/2024,17:04,14,9.143
1,2/13/2024,17:09,14,9
1,2/13/2024,17:14,14,8.571
1,2/13/2024,17:19,14,8.786
1,2/13/2024,17:24,14,8.714
1,2/13/2024,17:29,14,8.643
1,2/13/2024,17:34,14,7.714
1,2/13/2024,17:39,14,8.571
1,2/13/2024,17:44,14,9.357
1,2/13/2024,17:49,14,8.429
1,2/13/2024,17:54,14,8.571
1,2/13/2024,17:59,14,9.429
1,2/13/2024,18:04,14,9.143
1,2/13/2024,18:09,14,9.071
1,2/13/2024,18:19,14,8.929
1,2/13/2024,18:29,14,8.643
1,2/13/2024,18:34,14,8.143
1,2/13/2024,18:39,14,8.286
1,2/13/2024,18:44,14,8.214
1,2/13/2024,18:49,14,7.857
1,2/13/2024,18:54,14,8
1,2/13/2024,18:59,14,8.286
1,2/13/2024,19:04,14,9.714
1,2/13/2024,19:09,14,8.857
1,2/13/2024,19:19,14,9.857
1,2/13/2024,19:19,14,9.857
1,2/13/2024,19:24,14,9.214
1,2/13/2024,19:29,14,8.857
1,2/13/2024,19:34,14,8.5
1,2/13/2024,19:39,14,9.571
1,2/13/2024,19:44,14,10.357
1,2/13/2024,19:49,14,9.786
1,2/13/2024,19:54,14,11.357
1,2/13/2024,19:59,14,10.571
1,2/13/2024,20:04,14,9.714
1,2/13/2024,20:09,14,9.357
1,2/13/2024,20:14,14,10.143
1,2/13/2024,20:19,14,10.714
1,2/13/2024,20:24,14,9.214
1,2/13/2024,20:29,14,9.857
1,2/13/2024,20:34,14,9.357
1,2/13/2024,20:39,14,10.214
1,2/13/2024,20:44,14,10.643
1,2/13/2024,20:49,14,12.929
1,2/13/2024,20:54,14,11.929
1,2/13/2024,20:59,14,12.714
1,2/13/2024,21:04,14,12.714
1,2/13/2024,21:09,14,13.286
1,2/13/2024,21:14,14,12.786
1,2/13/2024,21:19,14,12.571
1,2/13/2024,21:24,14,12.214
1,2/13/2024,21:29,14,13
1,2/13/2024,21:34,14,12.5
1,2/13/2024,21:39,14,12.214
1,2/13/2024,21:44,14,11.786
1,2/13/2024,21:49,14,11.357
1,2/13/2024,21:54,14,10.714
1,2/13/2024,21:59,14,11.714
1,2/13/2024,22:04,14,11.857
1,2/13/2024,22:09,14,11.286
1,2/13/2024,22:14,14,10.929
1,2/13/2024,22:19,14,11.286
1,2/13/2024,22:24,14,11.357
1,2/13/2024,22:29,14,11.143
1,2/13/2024,22:34,14,11.071
1,2/13/2024,22:39,14,12.357
1,2/13/2024,22:44,14,12.429
1,2/13/2024,22:49,14,11.5
1,2/13/2024,22:54,14,11.571
1,2/13/2024,22:59,14,10.786
1,2/13/2024,23:04,14,10.5
1,2/13/2024,23:09,14,10
1,2/13/2024,23:14,14,11.071
1,2/13/2024,23:19,14,11.571
1,2/13/2024,23:24,14,12.214
1,2/13/2024,23:29,14,12.071
1,2/13/2024,23:34,14,12.5
1,2/13/2024,23:39,14,11.929
1,2/13/2024,23:44,14,11.286
1,2/13/2024,23:49,14,11.286
1,2/13/2024,23:54,14,10.5
1,8/26/2024,23:59,14,2.786
1,8/27/2024,23:59,14,3.857
1,9/2/2024,23:59,14,5.071
1,10/10/2024,0:04,14,13
1,10/10/2024,0:09,14,11
1,10/10/2024,0:14,14,9.143
1,10/10/2024,0:19,14,8.714
1,10/10/2024,0:24,14,9.714
1,10/10/2024,0:29,14,8.429
1,10/10/2024,0:34,14,8.143
1,10/10/2024,0:39,14,8.929
1,10/10/2024,0:44,14,12
1,10/10/2024,0:49,14,9.857
1,10/10/2024,0:54,14,9.429
1,10/10/2024,0:59,14,12.786
1,10/10/2024,1:04,14,16.571
1,10/10/2024,1:09,14,16.143
1,10/10/2024,1:14,14,15.286
1,10/10/2024,1:19,14,10.143
1,10/10/2024,1:24,14,9.786
1,10/10/2024,1:29,14,7
1,10/10/2024,1:34,14,5
1,10/10/2024,1:39,14,8.571
1,10/10/2024,1:44,14,7.286
1,10/10/2024,1:49,14,7.643
1,10/10/2024,1:54,14,6.786
1,10/10/2024,1:59,14,8.786
1,10/10/2024,2:04,14,12.071
1,10/10/2024,2:09,14,13
1,10/10/2024,2:14,14,10.214
1,10/10/2024,2:19,14,9.571
1,10/10/2024,2:24,14,9.071
1,10/10/2024,2:29,14,10.714
1,10/10/2024,2:34,14,11.357
1,10/10/2024,2:39,14,9.643
1,10/10/2024,2:44,14,9.929
1,10/10/2024,2:49,14,12
1,10/10/2024,2:54,14,14.571
1,10/10/2024,2:59,14,10.571
1,10/10/2024,3:04,14,9.643
1,10/10/2024,3:09,14,9.143
1,10/10/2024,3:14,14,11.143
1,10/10/2024,3:19,14,13.286
1,10/10/2024,3:24,14,16.429
1,10/10/2024,3:29,14,14.429
1,10/10/2024,3:34,14,12.929
1,10/10/2024,3:39,14,12.071
1,10/10/2024,3:44,14,12.357
1,10/10/2024,3:49,14,9.786
1,10/10/2024,3:54,14,8.929
1,10/10/2024,3:59,14,7.929
1,10/10/2024,4:04,14,7
1,10/10/2024,4:09,14,7.429
1,10/10/2024,4:14,14,9.071
1,10/10/2024,4:19,14,11.357
1,10/10/2024,4:24,14,12.929
1,10/10/2024,4:29,14,12.143
1,10/10/2024,4:34,14,13.929
1,10/10/2024,4:39,14,13.643
1,10/10/2024,4:44,14,12.643
1,10/10/2024,4:49,14,14.786
1,10/10/2024,4:54,14,11.429
1,10/10/2024,4:59,14,13.357
1,10/10/2024,5:04,14,11.786
1,10/10/2024,5:09,14,12.143
1,10/10/2024,5:14,14,13.5
1,10/10/2024,5:19,14,15.286
1,10/10/2024,5:24,14,11.786
1,10/10/2024,5:29,14,13.357
1,10/10/2024,5:34,14,12.857
1,10/10/2024,5:39,14,12.357
1,10/10/2024,5:44,14,10.429
1,10/10/2024,5:49,14,10.429
1,10/10/2024,5:54,14,10.071
1,10/10/2024,5:59,14,10.071
1,10/10/2024,6:04,14,7.857
1,10/10/2024,6:09,14,7.571
1,10/10/2024,6:14,14,6.786
1,10/10/2024,6:19,14,6.357
1,10/10/2024,6:24,14,8.857
1,10/10/2024,6:29,14,8.071
1,10/10/2024,6:34,14,7.929
1,10/10/2024,6:39,14,7.286
1,10/10/2024,6:44,14,7
1,10/10/2024,6:49,14,5.571
1,10/10/2024,6:54,14,6.571
1,10/10/2024,6:59,14,6.214
1,10/10/2024,7:04,14,7.929
1,10/10/2024,7:09,14,8.5
1,10/10/2024,7:14,14,9.143
1,10/10/2024,7:19,14,7.143
1,10/10/2024,7:24,14,6
1,10/10/2024,7:29,14,5.5
1,10/10/2024,7:34,14,5.429
1,10/10/2024,7:39,14,6.643
1,10/10/2024,7:44,14,6.429
1,10/10/2024,7:49,14,7.714
1,10/10/2024,7:54,14,7.5
1,10/10/2024,7:59,14,5.786
1,10/10/2024,8:04,14,6.929
1,10/10/2024,8:09,14,6.929
1,10/10/2024,8:14,14,6.643
1,10/10/2024,8:19,14,6.071
1,10/10/2024,8:24,14,5.143
1,10/10/2024,8:29,14,4.714
1,10/10/2024,8:34,14,5.429
1,10/10/2024,8:39,14,5.357
1,10/10/2024,8:44,14,5.286
1,10/10/2024,8:49,14,5.214
1,10/10/2024,8:54,14,6.071
1,10/10/2024,8:59,14,7.071
1,10/10/2024,9:04,14,7.286
1,10/10/2024,9:09,14,6.143
1,10/10/2024,9:14,14,6.643
1,10/10/2024,9:19,14,6.357
1,10/10/2024,9:24,14,5.929
1,10/10/2024,9:29,14,7
1,10/10/2024,9:34,14,7.786
1,10/10/2024,9:39,14,7.571
1,10/10/2024,9:44,14,7.286
1,10/10/2024,9:49,14,7.643
1,10/10/2024,9:54,14,7.286
1,10/10/2024,9:59,14,6.5
1,10/10/2024,10:04,14,6.571
1,10/10/2024,10:09,14,6.071
1,10/10/2024,10:14,14,5.214
1,10/10/2024,10:19,14,6.714
1,10/10/2024,10:24,14,6.571
1,10/10/2024,10:29,14,8.5
1,10/10/2024,10:34,14,8.071
1,10/10/2024,10:39,14,9.143
1,10/10/2024,10:44,14,6.571
1,10/10/2024,10:49,14,6.071
1,10/10/2024,10:54,14,6.357
1,10/10/2024,10:59,14,7.286
1,10/10/2024,11:04,14,7.286
1,10/10/2024,11:09,14,7.929
1,10/10/2024,11:14,14,12.071
1,10/10/2024,11:19,14,12.071
1,10/10/2024,11:24,14,14.786
1,10/10/2024,11:29,14,16
1,10/10/2024,11:34,14,15.857
1,10/10/2024,11:39,14,13.143
1,10/10/2024,11:44,14,14.5
1,10/10/2024,11:49,14,14.929
1,10/10/2024,11:54,14,14.071
1,10/10/2024,11:59,14,14.786
1,10/10/2024,12:04,14,13.571
1,10/10/2024,12:09,14,13.857
1,10/10/2024,12:14,14,13.571
1,10/10/2024,12:19,14,12.643
1,10/10/2024,12:24,14,11.929
1,10/10/2024,12:29,14,11.714
1,10/10/2024,12:34,14,10.786
1,10/10/2024,12:39,14,8.571
1,10/10/2024,12:44,14,5.643
1,10/10/2024,12:49,14,6.786
1,10/10/2024,12:54,14,6.5
1,10/10/2024,12:59,14,7.357
1,10/10/2024,13:04,14,7.429
1,10/10/2024,13:09,14,6.929
1,10/10/2024,13:14,14,7.286
1,10/10/2024,13:19,14,8.357
1,10/10/2024,13:24,14,8.714
1,10/10/2024,13:29,14,9.214
1,10/10/2024,13:34,14,8.571
1,10/10/2024,13:39,14,8.357
1,10/10/2024,13:44,14,8.571
1,10/10/2024,13:49,14,6.929
1,10/10/2024,13:54,14,7.571
1,10/10/2024,13:59,14,9
1,10/10/2024,14:04,14,12.071
1,10/10/2024,14:09,14,12.214
1,10/10/2024,14:14,14,10.643
1,10/10/2024,14:19,14,10.929
1,10/10/2024,14:24,14,11.071
1,10/10/2024,14:29,14,10.571
1,10/10/2024,14:34,14,9.357
1,10/10/2024,14:39,14,10.143
1,10/10/2024,14:44,14,8.929
1,10/10/2024,14:49,14,8.429
1,10/10/2024,14:54,14,8.786
1,10/10/2024,14:59,14,8.786
1,10/10/2024,15:04,14,8.929
1,10/10/2024,15:09,14,9
1,10/10/2024,15:14,14,5.571
1,10/10/2024,15:19,14,6.071
1,10/10/2024,15:24,14,9.5
1,10/10/2024,15:29,14,8.929
1,10/10/2024,15:34,14,8
1,10/10/2024,15:39,14,8.929
1,10/10/2024,15:44,14,9
1,10/10/2024,15:49,14,10
1,10/10/2024,15:54,14,9.786
1,10/10/2024,15:59,14,8.571
1,10/10/2024,16:04,14,10.071
1,10/10/2024,16:09,14,9.286
1,10/10/2024,16:14,14,10.714
1,10/10/2024,16:19,14,10.429
1,10/10/2024,16:24,14,9
1,10/10/2024,16:29,14,8.857
1,10/10/2024,16:34,14,8.857
1,10/10/2024,16:39,14,7.929
1,10/10/2024,16:44,14,7.714
1,10/10/2024,16:49,14,8.357
1,10/10/2024,16:54,14,9.143
1,10/10/2024,16:59,14,8.786
1,10/10/2024,17:04,14,8.857
1,10/10/2024,17:09,14,8.857
1,10/10/2024,17:14,14,7.929
1,10/10/2024,17:19,14,7.643
1,10/10/2024,17:24,14,7.357
1,10/10/2024,17:29,14,9.071
1,10/10/2024,17:34,14,11.643
1,10/10/2024,17:39,14,11.286
1,10/10/2024,17:44,14,10.643
1,10/10/2024,17:49,14,10.429
1,10/10/2024,17:54,14,11.429
1,10/10/2024,17:59,14,11.214
1,10/10/2024,18:04,14,11.071
1,10/10/2024,18:09,14,11.929
1,10/10/2024,18:14,14,10.286
1,10/10/2024,18:19,14,9.714
1,10/10/2024,18:24,14,9.286
1,10/10/2024,18:29,14,9.286
1,10/10/2024,18:34,14,8.5
1,10/10/2024,18:39,14,8.571
1,10/10/2024,18:44,14,9.143
1,10/10/2024,18:49,14,9.643
1,10/10/2024,18:54,14,9.929
1,10/10/2024,18:59,14,9.357
1,10/10/2024,19:04,14,11.286
1,10/10/2024,19:09,14,11.357
1,10/10/2024,19:14,14,10.5
1,10/10/2024,19:19,14,10.357
1,10/10/2024,19:24,14,10.786
1,10/10/2024,19:29,14,10
1,10/10/2024,19:34,14,10.714
1,10/10/2024,19:39,14,11.929
1,10/10/2024,19:44,14,10.786
1,10/10/2024,19:49,14,12.143
1,10/10/2024,19:54,14,12.143
1,10/10/2024,19:59,14,11.429
1,10/10/2024,20:04,14,12
1,10/10/2024,20:09,14,12.857
1,10/10/2024,20:14,14,13.429
1,10/10/2024,20:19,14,14.071
1,10/10/2024,20:24,14,13.857
1,10/10/2024,20:29,14,13.214
1,10/10/2024,20:34,14,12.429
1,10/10/2024,20:39,14,11.286
1,10/10/2024,20:44,14,11.429
1,10/10/2024,20:49,14,11.643
1,10/10/2024,20:54,14,12.571
1,10/10/2024,20:59,14,12.571
1,10/10/2024,21:04,14,12.571
1,10/10/2024,21:09,14,12.5
1,10/10/2024,21:14,14,11.929
1,10/10/2024,21:19,14,11.786
1,10/10/2024,21:24,14,11.357
1,10/10/2024,21:29,14,11.429
1,10/10/2024,21:34,14,10.5
1,10/10/2024,21:39,14,10.5
1,10/10/2024,21:44,14,9.786
1,10/10/2024,21:49,14,9.714
1,10/10/2024,21:54,14,10.786
1,10/10/2024,21:59,14,11.071
1,10/10/2024,22:04,14,10.357
1,10/10/2024,22:09,14,10.071
1,10/10/2024,22:14,14,9.714
1,10/10/2024,22:19,14,9.357
1,10/10/2024,22:24,14,11
1,10/10/2024,22:29,14,10.071
1,10/10/2024,22:34,14,10.143
1,10/10/2024,22:39,14,9.714
1,10/10/2024,22:44,14,11.143
1,10/10/2024,22:49,14,8.357
1,10/10/2024,22:54,14,8.571
1,10/10/2024,22:59,14,9.357
1,10/10/2024,23:04,14,10.429
1,10/10/2024,23:09,14,11.786
1,10/10/2024,23:14,14,11.5
1,10/10/2024,23:19,14,11.429
1,10/10/2024,23:24,14,10.857
1,10/10/2024,23:29,14,10.571
1,10/10/2024,23:34,14,11.286
1,10/10/2024,23:39,14,13.929
1,10/10/2024,23:44,14,13.071
1,10/10/2024,23:49,14,10.286
1,10/10/2024,23:54,14,11.571
1,10/9/2024,23:59,14,16.071
1,4/12/2025,0:04,14,7.857
1,4/12/2025,0:09,14,8.571
1,4/12/2025,0:14,14,8.571
1,4/12/2025,0:19,14,9.286
1,4/12/2025,0:24,14,8.857
1,4/12/2025,0:29,14,9.286
1,4/12/2025,0:34,14,9.071
1,4/12/2025,0:39,14,8.357
1,4/12/2025,0:44,14,8.143
1,4/12/2025,0:49,14,8.571
1,4/12/2025,0:54,14,8.286
1,4/12/2025,0:59,14,8.071
1,4/12/2025,1:04,14,7.571
1,4/12/2025,1:09,14,7.714
1,4/12/2025,1:14,14,7.357
1,4/12/2025,1:19,14,8.143
1,4/12/2025,1:24,14,7.929
1,4/12/2025,1:29,14,10.143
1,4/12/2025,1:34,14,8.071
1,4/12/2025,1:39,14,8.571
1,4/12/2025,1:44,14,7.643
1,4/12/2025,1:49,14,8.357
1,4/12/2025,1:54,14,7.643
1,4/12/2025,1:59,14,8.643
1,4/12/2025,2:04,14,8.286
1,4/12/2025,2:09,14,8.143
1,4/12/2025,2:19,14,8.786
1,4/12/2025,2:24,14,10.214
1,4/12/2025,2:29,14,10.286
1,4/12/2025,2:34,14,10.571
1,4/12/2025,2:39,14,9.786
1,4/12/2025,2:44,14,9.571
1,4/12/2025,2:49,14,9.571
1,4/12/2025,2:54,14,13.143
1,4/12/2025,2:59,14,12.786
1,4/12/2025,3:04,14,12.429
1,4/12/2025,3:09,14,8.643
1,4/12/2025,3:14,14,8.571
1,4/12/2025,3:19,14,8.786
1,4/12/2025,3:24,14,9.5
1,4/12/2025,3:29,14,7.714
1,4/12/2025,3:39,14,6.929
1,4/12/2025,3:49,14,8.786
1,4/12/2025,3:59,14,9.5
1,4/12/2025,4:09,14,9.5
1,4/12/2025,4:19,14,9.429
1,4/12/2025,4:29,14,9.214
1,4/12/2025,4:34,14,10.5
1,4/12/2025,4:39,14,10.929
1,4/12/2025,4:44,14,10.143
1,4/12/2025,4:49,14,11.571
1,4/12/2025,4:54,14,12.714
1,4/12/2025,4:59,14,12.071
1,4/12/2025,5:04,14,10.643
1,4/12/2025,5:09,14,10
1,4/12/2025,5:14,14,10.714
1,4/12/2025,5:19,14,11.357
1,4/12/2025,5:24,14,11.786
1,4/12/2025,5:29,14,8.357
1,4/12/2025,5:34,14,7.286
1,4/12/2025,5:39,14,7.786
1,4/12/2025,5:44,14,8.857
1,4/12/2025,5:49,14,8.786
1,4/12/2025,5:54,14,7.929
1,4/12/2025,5:59,14,7.857
1,4/12/2025,6:04,14,9.929
1,4/12/2025,6:09,14,9.786
1,4/12/2025,6:14,14,9.857
1,4/12/2025,6:19,14,9.5
1,4/12/2025,6:24,14,10.071
1,4/12/2025,6:29,14,9.571
1,4/12/2025,6:34,14,9.286
1,4/12/2025,6:39,14,9.214
1,4/12/2025,6:44,14,9.429
1,4/12/2025,6:49,14,10.714
1,4/12/2025,6:54,14,9.929
1,4/12/2025,6:59,14,10.643
1,4/12/2025,7:04,14,10.857
1,4/12/2025,7:09,14,10.786
1,4/12/2025,7:14,14,11.214
1,4/12/2025,7:19,14,11.214
1,4/12/2025,7:24,14,11.143
1,4/12/2025,7:29,14,11.357
1,4/12/2025,7:34,14,11.571
1,4/12/2025,7:39,14,12
1,4/12/2025,7:44,14,11.643
1,4/12/2025,7:49,14,12.429
1,4/12/2025,7:54,14,13.286
1,4/12/2025,7:59,14,13.286
1,4/12/2025,8:04,14,12.286
1,4/12/2025,8:09,14,12.929
1,4/12/2025,8:14,14,13.286
1,4/12/2025,8:19,14,12.5
1,4/12/2025,8:24,14,12.429
1,4/12/2025,8:29,14,12.286
1,4/12/2025,8:34,14,12
1,4/12/2025,8:39,14,12.071
1,4/12/2025,8:44,14,12.357
1,4/12/2025,8:49,14,11.786
1,4/12/2025,8:54,14,12
1,4/12/2025,8:59,14,12.143
1,4/12/2025,9:04,14,12.214
1,4/12/2025,9:09,14,11.714
1,4/12/2025,9:14,14,11.857
1,4/12/2025,9:19,14,11.214
1,4/12/2025,9:24,14,11.143
1,4/12/2025,9:29,14,10.357
1,4/12/2025,9:34,14,11.143
1,4/12/2025,9:39,14,10.071
1,4/12/2025,9:44,14,8.571
1,4/12/2025,9:49,14,10.429
1,4/12/2025,9:54,14,11.071
1,4/12/2025,9:59,14,10.571
1,4/12/2025,10:04,14,9.571
1,4/12/2025,10:09,14,10.429
1,4/12/2025,10:14,14,10.357
1,4/12/2025,10:19,14,10.143
1,4/12/2025,10:24,14,9.5
1,4/12/2025,10:29,14,8.643
1,4/12/2025,10:34,14,7.929
1,4/12/2025,10:39,14,8.357
1,4/12/2025,10:44,14,8.429
1,4/12/2025,10:49,14,8.786
1,4/12/2025,10:54,14,8.857
1,4/12/2025,10:59,14,9.214
1,4/12/2025,11:04,14,9.071
1,4/12/2025,11:09,14,8.5
1,4/12/2025,11:14,14,8
1,4/12/2025,11:19,14,8.286
1,4/12/2025,11:24,14,8.429
1,4/12/2025,11:29,14,6.714
1,4/12/2025,11:34,14,6.357
1,4/12/2025,11:39,14,6.714
1,4/12/2025,11:44,14,5.714
1,4/12/2025,11:49,14,6.571
1,4/12/2025,11:54,14,5.143
1,4/12/2025,11:59,14,5.286
1,4/12/2025,12:04,14,4.929
1,4/12/2025,12:09,14,5.357
1,4/12/2025,12:14,14,5.643
1,4/12/2025,12:19,14,6.429
1,4/12/2025,12:24,14,5.357
1,4/12/2025,12:29,14,5.357
1,4/12/2025,12:34,14,4.5
1,4/12/2025,12:39,14,4.429
1,4/12/2025,12:44,14,5.071
1,4/12/2025,12:49,14,5.714
1,4/12/2025,12:54,14,6.286
1,4/12/2025,12:59,14,5.929
1,4/12/2025,13:04,14,6.071
1,4/12/2025,13:09,14,6.143
1,4/12/2025,13:14,14,5.929
1,4/12/2025,13:19,14,5.857
1,4/12/2025,13:24,14,6.429
1,4/12/2025,13:29,14,6.429
1,4/12/2025,13:34,14,6.429
1,4/12/2025,13:39,14,6.786
1,4/12/2025,13:44,14,6.571
1,4/12/2025,13:49,14,5.714
1,4/12/2025,13:54,14,5.571
1,4/12/2025,13:59,14,6
1,4/12/2025,14:04,14,5.857
1,4/12/2025,14:09,14,6.143
1,4/12/2025,14:14,14,5.5
1,4/12/2025,14:19,14,5.857
1,4/12/2025,14:24,14,5.214
1,4/12/2025,14:29,14,5.714
1,4/12/2025,14:34,14,5.786
1,4/12/2025,14:39,14,5.357
1,4/12/2025,14:44,14,5.5
1,4/12/2025,14:49,14,5.429
1,4/12/2025,14:54,14,5.071
1,4/12/2025,14:59,14,5.357
1,4/12/2025,15:04,14,5.286
1,4/12/2025,15:09,14,5.5
1,4/12/2025,15:14,14,5.929
1,4/12/2025,15:19,14,5.571
1,4/12/2025,15:24,14,4.857
1,4/12/2025,15:29,14,4.786
1,4/12/2025,15:34,14,4.857
1,4/12/2025,15:39,14,5.714
1,4/12/2025,15:44,14,5.214
1,4/12/2025,15:49,14,5.5
1,4/12/2025,15:54,14,4.643
1,4/12/2025,15:59,14,5.214
1,4/12/2025,16:04,14,5.429
1,4/12/2025,16:09,14,5.357
1,4/12/2025,16:14,14,5.357
1,4/12/2025,16:19,14,5.643
1,4/12/2025,16:24,14,5.071
1,4/12/2025,16:29,14,4.929
1,4/12/2025,16:34,14,5.143
1,4/12/2025,16:39,14,5.143
1,4/12/2025,16:44,14,6
1,4/12/2025,16:49,14,5.571
1,4/12/2025,16:54,14,5.571
1,4/12/2025,16:59,14,5.286
1,4/12/2025,17:04,14,6.5
1,4/12/2025,17:09,14,6.571
1,4/12/2025,17:14,14,6.786
1,4/12/2025,17:19,14,7.714
1,4/12/2025,17:24,14,7.643
1,4/12/2025,17:29,14,8.857
1,4/12/2025,17:34,14,9.214
1,4/12/2025,17:39,14,8.214
1,4/12/2025,17:44,14,8.786
1,4/12/2025,17:49,14,8.429
1,4/12/2025,17:54,14,8.786
1,4/12/2025,17:59,14,8.571
1,4/12/2025,18:04,14,9.571
1,4/12/2025,18:09,14,8.357
1,4/12/2025,18:14,14,5.714
1,4/12/2025,18:19,14,6.857
1,4/12/2025,18:24,14,9
1,4/12/2025,18:29,14,6.571
1,4/12/2025,18:34,14,6.429
1,4/12/2025,18:39,14,9.214
1,4/12/2025,18:44,14,8.143
1,4/12/2025,18:49,14,6.643
1,4/12/2025,18:54,14,7.286
1,4/12/2025,18:59,14,7.429
1,4/12/2025,19:04,14,8
1,4/12/2025,19:09,14,7.286
1,4/12/2025,19:14,14,7.571
1,4/12/2025,19:19,14,7.071
1,4/12/2025,19:24,14,7
1,4/12/2025,19:29,14,6.857
1,4/12/2025,19:34,14,6.286
1,4/12/2025,19:39,14,6.429
1,4/12/2025,19:44,14,6.786
1,4/12/2025,19:49,14,5.357
1,4/12/2025,19:54,14,7.143
1,4/12/2025,19:59,14,8.5
1,4/12/2025,20:04,14,8.357
1,4/12/2025,20:09,14,7.929
1,4/12/2025,20:14,14,7.143
1,4/12/2025,20:19,14,9.571
1,4/12/2025,20:24,14,8.357
1,4/12/2025,20:29,14,6.214
1,4/12/2025,20:34,14,6.5
1,4/12/2025,20:39,14,7.643
1,4/12/2025,20:44,14,6.714
1,4/12/2025,20:49,14,8.357
1,4/12/2025,20:54,14,10.286
1,4/12/2025,20:59,14,7.786
1,4/12/2025,21:04,14,7.786
1,4/12/2025,21:09,14,7.214
1,4/12/2025,21:14,14,7.714
1,4/12/2025,21:19,14,8.5
1,4/12/2025,21:24,14,6.071
1,4/12/2025,21:29,14,6.786
1,4/12/2025,21:34,14,7.357
1,4/12/2025,21:39,14,8.357
1,4/12/2025,21:44,14,9.643
1,4/12/2025,21:49,14,8.571
1,4/12/2025,21:54,14,9.286
1,4/12/2025,21:59,14,8.5
1,4/12/2025,22:04,14,8.714
1,4/12/2025,22:09,14,8.571
1,4/12/2025,22:14,14,8.5
1,4/12/2025,22:19,14,8.357
1,4/12/2025,22:24,14,10.071
1,4/12/2025,22:29,14,10.5
1,4/12/2025,22:34,14,8.786
1,4/12/2025,22:39,14,8.286
1,4/12/2025,22:44,14,8.071
1,4/12/2025,22:49,14,9.357
1,4/12/2025,22:54,14,9.929
1,4/12/2025,22:59,14,9.5
1,4/12/2025,23:04,14,10.571
1,4/12/2025,23:09,14,10.214
1,4/12/2025,23:14,14,11.286
1,4/12/2025,23:19,14,10.214
1,4/12/2025,23:24,14,9.857
1,4/12/2025,23:29,14,9.357
1,4/12/2025,23:34,14,8.357
1,4/12/2025,23:39,14,8.643
1,4/12/2025,23:49,14,8.929
1,4/11/2025,23:59,14,8.643
1,5/28/2025,23:59,14,5.357
